{"__meta":{"schema_version":3,"schema_name":"GBMModelV3","schema_type":"GBMModel"},"model_id":{"__meta":{"schema_version":3,"schema_name":"ModelKeyV3","schema_type":"Key<Model>"},"name":"prostategbm3.hex","type":"Key<Model>","URL":"/3/Models/prostategbm3.hex"},"algo":"gbm","algo_full_name":"Gradient Boosting Machine","response_column_name":"CAPSULE","data_frame":{"__meta":{"schema_version":3,"schema_name":"FrameKeyV3","schema_type":"Key<Frame>"},"name":"RTMP_sid_86ce_185","type":"Key<Frame>","URL":"/3/Frames/RTMP_sid_86ce_185"},"timestamp":0,"algo":"gbm","algo_full_name":"Gradient Boosting Machine","model_id":{"__meta":{"schema_version":3,"schema_name":"ModelKeyV3","schema_type":"Key<Model>"},"name":"prostategbm3.hex","type":"Key<Model>","URL":"/3/Models/prostategbm3.hex"},"parameters":[{"__meta":{"schema_version":3,"schema_name":"ModelParameterSchemaV3","schema_type":"Iced"},"name":"model_id","label":"model_id","help":"Destination id for this model; auto-generated if not specified.","required":false,"type":"Key<Model>","default_value":null,"actual_value":{"__meta":{"schema_version":3,"schema_name":"ModelKeyV3","schema_type":"Key<Model>"},"name":"prostategbm3.hex","type":"Key<Model>","URL":"/3/Models/prostategbm3.hex"},"level":"critical","values":[],"is_member_of_frames":[],"is_mutually_exclusive_with":[],"gridable":false},{"__meta":{"schema_version":3,"schema_name":"ModelParameterSchemaV3","schema_type":"Iced"},"name":"training_frame","label":"training_frame","help":"Id of the training data frame (Not required, to allow initial validation of model parameters).","required":false,"type":"Key<Frame>","default_value":null,"actual_value":{"__meta":{"schema_version":3,"schema_name":"FrameKeyV3","schema_type":"Key<Frame>"},"name":"RTMP_sid_86ce_185","type":"Key<Frame>","URL":"/3/Frames/RTMP_sid_86ce_185"},"level":"critical","values":[],"is_member_of_frames":[],"is_mutually_exclusive_with":[],"gridable":false},{"__meta":{"schema_version":3,"schema_name":"ModelParameterSchemaV3","schema_type":"Iced"},"name":"validation_frame","label":"validation_frame","help":"Id of the validation data frame.","required":false,"type":"Key<Frame>","default_value":null,"actual_value":null,"level":"critical","values":[],"is_member_of_frames":[],"is_mutually_exclusive_with":[],"gridable":true},{"__meta":{"schema_version":3,"schema_name":"ModelParameterSchemaV3","schema_type":"Iced"},"name":"nfolds","label":"nfolds","help":"Number of folds for N-fold cross-validation (0 to disable or >= 2).","required":false,"type":"int","default_value":0,"actual_value":0,"level":"critical","values":[],"is_member_of_frames":[],"is_mutually_exclusive_with":[],"gridable":false},{"__meta":{"schema_version":3,"schema_name":"ModelParameterSchemaV3","schema_type":"Iced"},"name":"keep_cross_validation_predictions","label":"keep_cross_validation_predictions","help":"Whether to keep the predictions of the cross-validation models.","required":false,"type":"boolean","default_value":false,"actual_value":false,"level":"expert","values":[],"is_member_of_frames":[],"is_mutually_exclusive_with":[],"gridable":false},{"__meta":{"schema_version":3,"schema_name":"ModelParameterSchemaV3","schema_type":"Iced"},"name":"keep_cross_validation_fold_assignment","label":"keep_cross_validation_fold_assignment","help":"Whether to keep the cross-validation fold assignment.","required":false,"type":"boolean","default_value":false,"actual_value":false,"level":"expert","values":[],"is_member_of_frames":[],"is_mutually_exclusive_with":[],"gridable":false},{"__meta":{"schema_version":3,"schema_name":"ModelParameterSchemaV3","schema_type":"Iced"},"name":"score_each_iteration","label":"score_each_iteration","help":"Whether to score during each iteration of model training.","required":false,"type":"boolean","default_value":false,"actual_value":false,"level":"secondary","values":[],"is_member_of_frames":[],"is_mutually_exclusive_with":[],"gridable":false},{"__meta":{"schema_version":3,"schema_name":"ModelParameterSchemaV3","schema_type":"Iced"},"name":"score_tree_interval","label":"score_tree_interval","help":"Score the model after every so many trees. Disabled if set to 0.","required":false,"type":"int","default_value":0,"actual_value":0,"level":"secondary","values":[],"is_member_of_frames":[],"is_mutually_exclusive_with":[],"gridable":false},{"__meta":{"schema_version":3,"schema_name":"ModelParameterSchemaV3","schema_type":"Iced"},"name":"fold_assignment","label":"fold_assignment","help":"Cross-validation fold assignment scheme, if fold_column is not specified. The 'Stratified' option will stratify the folds based on the response variable, for classification problems.","required":false,"type":"enum","default_value":"AUTO","actual_value":"AUTO","level":"secondary","values":["AUTO","Random","Modulo","Stratified"],"is_member_of_frames":[],"is_mutually_exclusive_with":[],"gridable":true},{"__meta":{"schema_version":3,"schema_name":"ModelParameterSchemaV3","schema_type":"Iced"},"name":"fold_column","label":"fold_column","help":"Column with cross-validation fold index assignment per observation.","required":false,"type":"VecSpecifier","default_value":null,"actual_value":null,"level":"secondary","values":[],"is_member_of_frames":["training_frame"],"is_mutually_exclusive_with":["response_column","weights_column","ignored_columns","offset_column"],"gridable":true},{"__meta":{"schema_version":3,"schema_name":"ModelParameterSchemaV3","schema_type":"Iced"},"name":"response_column","label":"response_column","help":"Response variable column.","required":false,"type":"VecSpecifier","default_value":null,"actual_value":{"__meta":{"schema_version":3,"schema_name":"ColSpecifierV3","schema_type":"VecSpecifier"},"column_name":"CAPSULE","is_member_of_frames":null},"level":"critical","values":[],"is_member_of_frames":["training_frame","validation_frame"],"is_mutually_exclusive_with":["weights_column","ignored_columns","offset_column","fold_column"],"gridable":true},{"__meta":{"schema_version":3,"schema_name":"ModelParameterSchemaV3","schema_type":"Iced"},"name":"ignored_columns","label":"ignored_columns","help":"Names of columns to ignore for training.","required":false,"type":"string[]","default_value":null,"actual_value":["ID","AGE","PSA","VOL","GLEASON"],"level":"critical","values":[],"is_member_of_frames":["training_frame","validation_frame"],"is_mutually_exclusive_with":["response_column","weights_column","offset_column","fold_column"],"gridable":false},{"__meta":{"schema_version":3,"schema_name":"ModelParameterSchemaV3","schema_type":"Iced"},"name":"ignore_const_cols","label":"ignore_const_cols","help":"Ignore constant columns.","required":false,"type":"boolean","default_value":true,"actual_value":true,"level":"critical","values":[],"is_member_of_frames":[],"is_mutually_exclusive_with":[],"gridable":false},{"__meta":{"schema_version":3,"schema_name":"ModelParameterSchemaV3","schema_type":"Iced"},"name":"offset_column","label":"offset_column","help":"Offset column. This will be added to the combination of columns before applying the link function.","required":false,"type":"VecSpecifier","default_value":null,"actual_value":null,"level":"secondary","values":[],"is_member_of_frames":["training_frame","validation_frame"],"is_mutually_exclusive_with":["response_column","weights_column","ignored_columns","fold_column"],"gridable":true},{"__meta":{"schema_version":3,"schema_name":"ModelParameterSchemaV3","schema_type":"Iced"},"name":"weights_column","label":"weights_column","help":"Column with observation weights. Giving some observation a weight of zero is equivalent to excluding it from the dataset; giving an observation a relative weight of 2 is equivalent to repeating that row twice. Negative weights are not allowed.","required":false,"type":"VecSpecifier","default_value":null,"actual_value":null,"level":"secondary","values":[],"is_member_of_frames":["training_frame","validation_frame"],"is_mutually_exclusive_with":["response_column","ignored_columns","offset_column","fold_column"],"gridable":true},{"__meta":{"schema_version":3,"schema_name":"ModelParameterSchemaV3","schema_type":"Iced"},"name":"balance_classes","label":"balance_classes","help":"Balance training data class counts via over/under-sampling (for imbalanced data).","required":false,"type":"boolean","default_value":false,"actual_value":false,"level":"secondary","values":[],"is_member_of_frames":[],"is_mutually_exclusive_with":[],"gridable":true},{"__meta":{"schema_version":3,"schema_name":"ModelParameterSchemaV3","schema_type":"Iced"},"name":"class_sampling_factors","label":"class_sampling_factors","help":"Desired over/under-sampling ratios per class (in lexicographic order). If not specified, sampling factors will be automatically computed to obtain class balance during training. Requires balance_classes.","required":false,"type":"float[]","default_value":null,"actual_value":null,"level":"expert","values":[],"is_member_of_frames":[],"is_mutually_exclusive_with":[],"gridable":true},{"__meta":{"schema_version":3,"schema_name":"ModelParameterSchemaV3","schema_type":"Iced"},"name":"max_after_balance_size","label":"max_after_balance_size","help":"Maximum relative size of the training data after balancing class counts (can be less than 1.0). Requires balance_classes.","required":false,"type":"float","default_value":5.0,"actual_value":5.0,"level":"expert","values":[],"is_member_of_frames":[],"is_mutually_exclusive_with":[],"gridable":true},{"__meta":{"schema_version":3,"schema_name":"ModelParameterSchemaV3","schema_type":"Iced"},"name":"max_confusion_matrix_size","label":"max_confusion_matrix_size","help":"[Deprecated] Maximum size (# classes) for confusion matrices to be printed in the Logs","required":false,"type":"int","default_value":20,"actual_value":20,"level":"secondary","values":[],"is_member_of_frames":[],"is_mutually_exclusive_with":[],"gridable":false},{"__meta":{"schema_version":3,"schema_name":"ModelParameterSchemaV3","schema_type":"Iced"},"name":"max_hit_ratio_k","label":"max_hit_ratio_k","help":"Max. number (top K) of predictions to use for hit ratio computation (for multi-class only, 0 to disable)","required":false,"type":"int","default_value":0,"actual_value":0,"level":"secondary","values":[],"is_member_of_frames":[],"is_mutually_exclusive_with":[],"gridable":false},{"__meta":{"schema_version":3,"schema_name":"ModelParameterSchemaV3","schema_type":"Iced"},"name":"ntrees","label":"ntrees","help":"Number of trees.","required":false,"type":"int","default_value":50,"actual_value":50,"level":"critical","values":[],"is_member_of_frames":[],"is_mutually_exclusive_with":[],"gridable":true},{"__meta":{"schema_version":3,"schema_name":"ModelParameterSchemaV3","schema_type":"Iced"},"name":"max_depth","label":"max_depth","help":"Maximum tree depth.","required":false,"type":"int","default_value":5,"actual_value":5,"level":"critical","values":[],"is_member_of_frames":[],"is_mutually_exclusive_with":[],"gridable":true},{"__meta":{"schema_version":3,"schema_name":"ModelParameterSchemaV3","schema_type":"Iced"},"name":"min_rows","label":"min_rows","help":"Fewest allowed (weighted) observations in a leaf.","required":false,"type":"double","default_value":10.0,"actual_value":10.0,"level":"critical","values":[],"is_member_of_frames":[],"is_mutually_exclusive_with":[],"gridable":true},{"__meta":{"schema_version":3,"schema_name":"ModelParameterSchemaV3","schema_type":"Iced"},"name":"nbins","label":"nbins","help":"For numerical columns (real/int), build a histogram of (at least) this many bins, then split at the best point","required":false,"type":"int","default_value":20,"actual_value":20,"level":"critical","values":[],"is_member_of_frames":[],"is_mutually_exclusive_with":[],"gridable":true},{"__meta":{"schema_version":3,"schema_name":"ModelParameterSchemaV3","schema_type":"Iced"},"name":"nbins_top_level","label":"nbins_top_level","help":"For numerical columns (real/int), build a histogram of (at most) this many bins at the root level, then decrease by factor of two per level","required":false,"type":"int","default_value":1024,"actual_value":1024,"level":"secondary","values":[],"is_member_of_frames":[],"is_mutually_exclusive_with":[],"gridable":true},{"__meta":{"schema_version":3,"schema_name":"ModelParameterSchemaV3","schema_type":"Iced"},"name":"nbins_cats","label":"nbins_cats","help":"For categorical columns (factors), build a histogram of this many bins, then split at the best point. Higher values can lead to more overfitting.","required":false,"type":"int","default_value":1024,"actual_value":1024,"level":"secondary","values":[],"is_member_of_frames":[],"is_mutually_exclusive_with":[],"gridable":true},{"__meta":{"schema_version":3,"schema_name":"ModelParameterSchemaV3","schema_type":"Iced"},"name":"r2_stopping","label":"r2_stopping","help":"r2_stopping is no longer supported and will be ignored if set - please use stopping_rounds, stopping_metric and stopping_tolerance instead. Previous version of H2O would stop making trees when the R^2 metric equals or exceeds this","required":false,"type":"double","default_value":1.7976931348623157E308,"actual_value":1.7976931348623157E308,"level":"secondary","values":[],"is_member_of_frames":[],"is_mutually_exclusive_with":[],"gridable":true},{"__meta":{"schema_version":3,"schema_name":"ModelParameterSchemaV3","schema_type":"Iced"},"name":"stopping_rounds","label":"stopping_rounds","help":"Early stopping based on convergence of stopping_metric. Stop if simple moving average of length k of the stopping_metric does not improve for k:=stopping_rounds scoring events (0 to disable)","required":false,"type":"int","default_value":0,"actual_value":0,"level":"secondary","values":[],"is_member_of_frames":[],"is_mutually_exclusive_with":[],"gridable":true},{"__meta":{"schema_version":3,"schema_name":"ModelParameterSchemaV3","schema_type":"Iced"},"name":"stopping_metric","label":"stopping_metric","help":"Metric to use for early stopping (AUTO: logloss for classification, deviance for regression)","required":false,"type":"enum","default_value":"AUTO","actual_value":"AUTO","level":"secondary","values":["AUTO","deviance","logloss","MSE","RMSE","MAE","RMSLE","AUC","lift_top_group","misclassification","mean_per_class_error"],"is_member_of_frames":[],"is_mutually_exclusive_with":[],"gridable":true},{"__meta":{"schema_version":3,"schema_name":"ModelParameterSchemaV3","schema_type":"Iced"},"name":"stopping_tolerance","label":"stopping_tolerance","help":"Relative tolerance for metric-based stopping criterion (stop if relative improvement is not at least this much)","required":false,"type":"double","default_value":0.001,"actual_value":0.001,"level":"secondary","values":[],"is_member_of_frames":[],"is_mutually_exclusive_with":[],"gridable":true},{"__meta":{"schema_version":3,"schema_name":"ModelParameterSchemaV3","schema_type":"Iced"},"name":"max_runtime_secs","label":"max_runtime_secs","help":"Maximum allowed runtime in seconds for model training. Use 0 to disable.","required":false,"type":"double","default_value":0.0,"actual_value":0.0,"level":"secondary","values":[],"is_member_of_frames":[],"is_mutually_exclusive_with":[],"gridable":true},{"__meta":{"schema_version":3,"schema_name":"ModelParameterSchemaV3","schema_type":"Iced"},"name":"seed","label":"seed","help":"Seed for pseudo random number generator (if applicable)","required":false,"type":"long","default_value":-1,"actual_value":-8108430581426779816,"level":"critical","values":[],"is_member_of_frames":[],"is_mutually_exclusive_with":[],"gridable":true},{"__meta":{"schema_version":3,"schema_name":"ModelParameterSchemaV3","schema_type":"Iced"},"name":"build_tree_one_node","label":"build_tree_one_node","help":"Run on one node only; no network overhead but fewer cpus used.  Suitable for small datasets.","required":false,"type":"boolean","default_value":false,"actual_value":false,"level":"expert","values":[],"is_member_of_frames":[],"is_mutually_exclusive_with":[],"gridable":false},{"__meta":{"schema_version":3,"schema_name":"ModelParameterSchemaV3","schema_type":"Iced"},"name":"learn_rate","label":"learn_rate","help":"Learning rate (from 0.0 to 1.0)","required":false,"type":"double","default_value":0.1,"actual_value":0.1,"level":"critical","values":[],"is_member_of_frames":[],"is_mutually_exclusive_with":[],"gridable":true},{"__meta":{"schema_version":3,"schema_name":"ModelParameterSchemaV3","schema_type":"Iced"},"name":"learn_rate_annealing","label":"learn_rate_annealing","help":"Scale the learning rate by this factor after each tree (e.g., 0.99 or 0.999) ","required":false,"type":"double","default_value":1.0,"actual_value":1.0,"level":"secondary","values":[],"is_member_of_frames":[],"is_mutually_exclusive_with":[],"gridable":true},{"__meta":{"schema_version":3,"schema_name":"ModelParameterSchemaV3","schema_type":"Iced"},"name":"distribution","label":"distribution","help":"Distribution function","required":false,"type":"enum","default_value":"AUTO","actual_value":"bernoulli","level":"secondary","values":["AUTO","bernoulli","multinomial","gaussian","poisson","gamma","tweedie","laplace","quantile","huber"],"is_member_of_frames":[],"is_mutually_exclusive_with":[],"gridable":true},{"__meta":{"schema_version":3,"schema_name":"ModelParameterSchemaV3","schema_type":"Iced"},"name":"quantile_alpha","label":"quantile_alpha","help":"Desired quantile for Quantile regression, must be between 0 and 1.","required":false,"type":"double","default_value":0.5,"actual_value":0.5,"level":"secondary","values":[],"is_member_of_frames":[],"is_mutually_exclusive_with":[],"gridable":true},{"__meta":{"schema_version":3,"schema_name":"ModelParameterSchemaV3","schema_type":"Iced"},"name":"tweedie_power","label":"tweedie_power","help":"Tweedie power for Tweedie regression, must be between 1 and 2.","required":false,"type":"double","default_value":1.5,"actual_value":1.5,"level":"secondary","values":[],"is_member_of_frames":[],"is_mutually_exclusive_with":[],"gridable":true},{"__meta":{"schema_version":3,"schema_name":"ModelParameterSchemaV3","schema_type":"Iced"},"name":"huber_alpha","label":"huber_alpha","help":"Desired quantile for Huber/M-regression (threshold between quadratic and linear loss, must be between 0 and 1).","required":false,"type":"double","default_value":0.9,"actual_value":0.9,"level":"secondary","values":[],"is_member_of_frames":[],"is_mutually_exclusive_with":[],"gridable":true},{"__meta":{"schema_version":3,"schema_name":"ModelParameterSchemaV3","schema_type":"Iced"},"name":"checkpoint","label":"checkpoint","help":"Model checkpoint to resume training with.","required":false,"type":"Key<Model>","default_value":null,"actual_value":null,"level":"secondary","values":[],"is_member_of_frames":[],"is_mutually_exclusive_with":[],"gridable":false},{"__meta":{"schema_version":3,"schema_name":"ModelParameterSchemaV3","schema_type":"Iced"},"name":"sample_rate","label":"sample_rate","help":"Row sample rate per tree (from 0.0 to 1.0)","required":false,"type":"double","default_value":1.0,"actual_value":1.0,"level":"critical","values":[],"is_member_of_frames":[],"is_mutually_exclusive_with":[],"gridable":true},{"__meta":{"schema_version":3,"schema_name":"ModelParameterSchemaV3","schema_type":"Iced"},"name":"sample_rate_per_class","label":"sample_rate_per_class","help":"Row sample rate per tree per class (from 0.0 to 1.0)","required":false,"type":"double[]","default_value":null,"actual_value":null,"level":"expert","values":[],"is_member_of_frames":[],"is_mutually_exclusive_with":[],"gridable":true},{"__meta":{"schema_version":3,"schema_name":"ModelParameterSchemaV3","schema_type":"Iced"},"name":"col_sample_rate","label":"col_sample_rate","help":"Column sample rate (from 0.0 to 1.0)","required":false,"type":"double","default_value":1.0,"actual_value":1.0,"level":"critical","values":[],"is_member_of_frames":[],"is_mutually_exclusive_with":[],"gridable":true},{"__meta":{"schema_version":3,"schema_name":"ModelParameterSchemaV3","schema_type":"Iced"},"name":"col_sample_rate_change_per_level","label":"col_sample_rate_change_per_level","help":"Relative change of the column sampling rate for every level (from 0.0 to 2.0)","required":false,"type":"double","default_value":1.0,"actual_value":1.0,"level":"expert","values":[],"is_member_of_frames":[],"is_mutually_exclusive_with":[],"gridable":true},{"__meta":{"schema_version":3,"schema_name":"ModelParameterSchemaV3","schema_type":"Iced"},"name":"col_sample_rate_per_tree","label":"col_sample_rate_per_tree","help":"Column sample rate per tree (from 0.0 to 1.0)","required":false,"type":"double","default_value":1.0,"actual_value":1.0,"level":"secondary","values":[],"is_member_of_frames":[],"is_mutually_exclusive_with":[],"gridable":true},{"__meta":{"schema_version":3,"schema_name":"ModelParameterSchemaV3","schema_type":"Iced"},"name":"min_split_improvement","label":"min_split_improvement","help":"Minimum relative improvement in squared error reduction for a split to happen","required":false,"type":"double","default_value":1.0E-5,"actual_value":1.0E-5,"level":"secondary","values":[],"is_member_of_frames":[],"is_mutually_exclusive_with":[],"gridable":true},{"__meta":{"schema_version":3,"schema_name":"ModelParameterSchemaV3","schema_type":"Iced"},"name":"histogram_type","label":"histogram_type","help":"What type of histogram to use for finding optimal split points","required":false,"type":"enum","default_value":"AUTO","actual_value":"AUTO","level":"secondary","values":["AUTO","UniformAdaptive","Random","QuantilesGlobal","RoundRobin"],"is_member_of_frames":[],"is_mutually_exclusive_with":[],"gridable":true},{"__meta":{"schema_version":3,"schema_name":"ModelParameterSchemaV3","schema_type":"Iced"},"name":"max_abs_leafnode_pred","label":"max_abs_leafnode_pred","help":"Maximum absolute value of a leaf node prediction","required":false,"type":"double","default_value":1.7976931348623157E308,"actual_value":1.7976931348623157E308,"level":"expert","values":[],"is_member_of_frames":[],"is_mutually_exclusive_with":[],"gridable":true},{"__meta":{"schema_version":3,"schema_name":"ModelParameterSchemaV3","schema_type":"Iced"},"name":"pred_noise_bandwidth","label":"pred_noise_bandwidth","help":"Bandwidth (sigma) of Gaussian multiplicative noise ~N(1,sigma) for tree node predictions","required":false,"type":"double","default_value":0.0,"actual_value":0.0,"level":"expert","values":[],"is_member_of_frames":[],"is_mutually_exclusive_with":[],"gridable":true},{"__meta":{"schema_version":3,"schema_name":"ModelParameterSchemaV3","schema_type":"Iced"},"name":"categorical_encoding","label":"categorical_encoding","help":"Encoding scheme for categorical features","required":false,"type":"enum","default_value":"AUTO","actual_value":"AUTO","level":"secondary","values":["AUTO","Enum","OneHotInternal","OneHotExplicit","Binary","Eigen"],"is_member_of_frames":[],"is_mutually_exclusive_with":[],"gridable":true}],"output":{"__meta":{"schema_version":3,"schema_name":"GBMModelOutputV3","schema_type":"GBMOutput"},"names":["RACE","DPROS","DCAPS","CAPSULE"],"domains":[null,null,null,["0","1"]],"cross_validation_models":null,"cross_validation_predictions":null,"cross_validation_holdout_predictions_frame_id":null,"cross_validation_fold_assignment_frame_id":null,"model_category":"Binomial","model_summary":{"__meta":{"schema_version":3,"schema_name":"TwoDimTableV3","schema_type":"TwoDimTable"},"name":"Model Summary","description":"","columns":[{"__meta":{"schema_version":-1,"schema_name":"ColumnSpecsBase","schema_type":"Iced"},"name":"","type":"string","format":"%s","description":""},{"__meta":{"schema_version":-1,"schema_name":"ColumnSpecsBase","schema_type":"Iced"},"name":"number_of_trees","type":"long","format":"%d","description":"Number of Trees"},{"__meta":{"schema_version":-1,"schema_name":"ColumnSpecsBase","schema_type":"Iced"},"name":"number_of_internal_trees","type":"long","format":"%d","description":"Number of Internal Trees"},{"__meta":{"schema_version":-1,"schema_name":"ColumnSpecsBase","schema_type":"Iced"},"name":"model_size_in_bytes","type":"long","format":"%d","description":"Model Size in Bytes"},{"__meta":{"schema_version":-1,"schema_name":"ColumnSpecsBase","schema_type":"Iced"},"name":"min_depth","type":"long","format":"%d","description":"Min. Depth"},{"__meta":{"schema_version":-1,"schema_name":"ColumnSpecsBase","schema_type":"Iced"},"name":"max_depth","type":"long","format":"%d","description":"Max. Depth"},{"__meta":{"schema_version":-1,"schema_name":"ColumnSpecsBase","schema_type":"Iced"},"name":"mean_depth","type":"double","format":"%.5f","description":"Mean Depth"},{"__meta":{"schema_version":-1,"schema_name":"ColumnSpecsBase","schema_type":"Iced"},"name":"min_leaves","type":"long","format":"%d","description":"Min. Leaves"},{"__meta":{"schema_version":-1,"schema_name":"ColumnSpecsBase","schema_type":"Iced"},"name":"max_leaves","type":"long","format":"%d","description":"Max. Leaves"},{"__meta":{"schema_version":-1,"schema_name":"ColumnSpecsBase","schema_type":"Iced"},"name":"mean_leaves","type":"double","format":"%.5f","description":"Mean Leaves"}],"rowcount":1,"data":[[""],[50],[50],[8190],[3],[5],[4.14],[5],[9],[7.28]]},"scoring_history":{"__meta":{"schema_version":3,"schema_name":"TwoDimTableV3","schema_type":"TwoDimTable"},"name":"Scoring History","description":"","columns":[{"__meta":{"schema_version":-1,"schema_name":"ColumnSpecsBase","schema_type":"Iced"},"name":"","type":"string","format":"%s","description":""},{"__meta":{"schema_version":-1,"schema_name":"ColumnSpecsBase","schema_type":"Iced"},"name":"timestamp","type":"string","format":"%s","description":"Timestamp"},{"__meta":{"schema_version":-1,"schema_name":"ColumnSpecsBase","schema_type":"Iced"},"name":"duration","type":"string","format":"%s","description":"Duration"},{"__meta":{"schema_version":-1,"schema_name":"ColumnSpecsBase","schema_type":"Iced"},"name":"number_of_trees","type":"long","format":"%d","description":"Number of Trees"},{"__meta":{"schema_version":-1,"schema_name":"ColumnSpecsBase","schema_type":"Iced"},"name":"training_rmse","type":"double","format":"%.5f","description":"Training RMSE"},{"__meta":{"schema_version":-1,"schema_name":"ColumnSpecsBase","schema_type":"Iced"},"name":"training_logloss","type":"double","format":"%.5f","description":"Training LogLoss"},{"__meta":{"schema_version":-1,"schema_name":"ColumnSpecsBase","schema_type":"Iced"},"name":"training_auc","type":"double","format":"%.5f","description":"Training AUC"},{"__meta":{"schema_version":-1,"schema_name":"ColumnSpecsBase","schema_type":"Iced"},"name":"training_lift","type":"double","format":"%.5f","description":"Training Lift"},{"__meta":{"schema_version":-1,"schema_name":"ColumnSpecsBase","schema_type":"Iced"},"name":"training_classification_error","type":"double","format":"%.5f","description":"Training Classification Error"}],"rowcount":51,"data":[["","","","","","","","","","","","","","","","","","","","","","","","","","","","","","","","","","","","","","","","","","","","","","","","","","",""],["2017-03-29 09:50:40","2017-03-29 09:50:40","2017-03-29 09:50:40","2017-03-29 09:50:40","2017-03-29 09:50:40","2017-03-29 09:50:40","2017-03-29 09:50:40","2017-03-29 09:50:40","2017-03-29 09:50:40","2017-03-29 09:50:40","2017-03-29 09:50:40","2017-03-29 09:50:40","2017-03-29 09:50:40","2017-03-29 09:50:40","2017-03-29 09:50:40","2017-03-29 09:50:40","2017-03-29 09:50:40","2017-03-29 09:50:40","2017-03-29 09:50:40","2017-03-29 09:50:40","2017-03-29 09:50:40","2017-03-29 09:50:40","2017-03-29 09:50:40","2017-03-29 09:50:40","2017-03-29 09:50:40","2017-03-29 09:50:40","2017-03-29 09:50:40","2017-03-29 09:50:40","2017-03-29 09:50:40","2017-03-29 09:50:40","2017-03-29 09:50:40","2017-03-29 09:50:40","2017-03-29 09:50:40","2017-03-29 09:50:40","2017-03-29 09:50:40","2017-03-29 09:50:40","2017-03-29 09:50:40","2017-03-29 09:50:40","2017-03-29 09:50:40","2017-03-29 09:50:40","2017-03-29 09:50:40","2017-03-29 09:50:40","2017-03-29 09:50:40","2017-03-29 09:50:40","2017-03-29 09:50:40","2017-03-29 09:50:40","2017-03-29 09:50:40","2017-03-29 09:50:40","2017-03-29 09:50:40","2017-03-29 09:50:40","2017-03-29 09:50:40"],[" 0.000 sec"," 0.004 sec"," 0.006 sec"," 0.009 sec"," 0.012 sec"," 0.015 sec"," 0.018 sec"," 0.021 sec"," 0.025 sec"," 0.028 sec"," 0.031 sec"," 0.034 sec"," 0.037 sec"," 0.041 sec"," 0.045 sec"," 0.049 sec"," 0.053 sec"," 0.057 sec"," 0.061 sec"," 0.065 sec"," 0.069 sec"," 0.073 sec"," 0.077 sec"," 0.082 sec"," 0.086 sec"," 0.090 sec"," 0.094 sec"," 0.100 sec"," 0.104 sec"," 0.108 sec"," 0.112 sec"," 0.118 sec"," 0.122 sec"," 0.127 sec"," 0.131 sec"," 0.135 sec"," 0.140 sec"," 0.145 sec"," 0.150 sec"," 0.155 sec"," 0.160 sec"," 0.165 sec"," 0.170 sec"," 0.175 sec"," 0.180 sec"," 0.185 sec"," 0.190 sec"," 0.196 sec"," 0.201 sec"," 0.206 sec"," 0.212 sec"],[0,1,2,3,4,5,6,7,8,9,10,11,12,13,14,15,16,17,18,19,20,21,22,23,24,25,26,27,28,29,30,31,32,33,34,35,36,37,38,39,40,41,42,43,44,45,46,47,48,49,50],[0.49042776285781164,0.4844281506681225,0.47907590540529205,0.4747082167146406,0.47141288599430964,0.4684343407645916,0.4660073675437847,0.46403086854939285,0.46242202589571624,0.46118983924491425,0.4600937872783646,0.4591765422221874,0.45843120966612105,0.4575628356095789,0.45685358467049986,0.45627425813833583,0.45580100226305775,0.45541433225181166,0.4550983371328451,0.45484002654268785,0.4546287969709406,0.4544559955886473,0.45431456220088073,0.4541987368909047,0.4540047543536975,0.45392378215151064,0.4537770732169806,0.45365822316628823,0.4536032351460952,0.45351038622307654,0.4534348786864747,0.4533610540982382,0.45330993927884516,0.4532580938953324,0.4532233602664612,0.45318641149557226,0.4531626484052543,0.45311322065005943,0.4530913774625903,0.4530530264891529,0.4530332120026623,0.45299690021407224,0.45297884992250514,0.45294420465111873,0.4529271423425399,0.4528940534298963,0.45287790844964115,0.45284628691379686,0.45283099935613286,0.4528007715892152,0.4527862898717289],[0.6740642634011699,0.6619487723838824,0.6512830621305783,0.642630871013961,0.6360822135020123,0.6301521705472594,0.6252824864301153,0.6212751939693187,0.61797302044213,0.6153868911930932,0.613082680328473,0.6111339671109096,0.6095279070581243,0.607696415524168,0.6061843568039728,0.6049362739905069,0.6039065008266077,0.603057323425081,0.6023575391083121,0.6017812982235988,0.6013071716110955,0.6009173920706056,0.6005972294703442,0.6003344763528854,0.5998381916830868,0.5996535379863627,0.5992584450057113,0.5989263656125344,0.5988037924448336,0.5985335090275643,0.5983050717880628,0.5980886090178753,0.5979253082134338,0.5977676089937213,0.597650388608999,0.5975352182406741,0.5974511774805329,0.5973560289705627,0.5972783275727073,0.5972127888559401,0.5971411047870313,0.5970795910452198,0.5970128121046694,0.5969546697114835,0.596891829084436,0.5968368102301378,0.5967776084370895,0.5967255024566288,0.5966696781520248,0.5966203024767884,0.5965676254279353],[0.5,0.6966686821571506,0.7083873196855835,0.7083873196855835,0.7083873196855835,0.7083873196855835,0.7083873196855835,0.706083901989577,0.706083901989577,0.706083901989577,0.706083901989577,0.7068037200195791,0.7068037200195791,0.7088192105035848,0.7088192105035848,0.7088192105035848,0.7108634937087904,0.7108634937087904,0.7108634937087904,0.7108634937087904,0.7108634937087904,0.7108634937087904,0.7108634937087904,0.7108634937087904,0.7113241772479917,0.7113241772479917,0.7113241772479917,0.7112953845267916,0.7112953845267916,0.7116696899023928,0.7116408971811926,0.7116408971811926,0.7116408971811926,0.7116408971811926,0.7116408971811926,0.7116408971811926,0.7116408971811926,0.7116408971811926,0.7116408971811926,0.7116408971811926,0.7116408971811926,0.7116408971811926,0.7116408971811926,0.7116408971811926,0.7116408971811926,0.7116408971811926,0.7116408971811926,0.7119288243931934,0.7119288243931934,0.7119288243931934,0.7119288243931934],[1.0,2.0697167755991286,2.0697167755991286,2.0697167755991286,2.0697167755991286,2.0697167755991286,2.0697167755991286,2.0697167755991286,2.0697167755991286,2.0697167755991286,2.0697167755991286,2.0697167755991286,2.0697167755991286,2.0697167755991286,2.0697167755991286,2.0697167755991286,2.0697167755991286,2.0697167755991286,2.0697167755991286,2.0697167755991286,2.0697167755991286,2.0697167755991286,2.0697167755991286,2.0697167755991286,2.0320855614973263,0.0,2.0320855614973263,2.0320855614973263,2.0320855614973263,2.2766884531590414,2.2766884531590414,0.0,2.2766884531590414,2.2766884531590414,2.2766884531590414,2.2766884531590414,2.2766884531590414,2.2766884531590414,2.2766884531590414,2.2766884531590414,2.2766884531590414,2.2766884531590414,2.2766884531590414,2.2766884531590414,2.2766884531590414,2.2766884531590414,2.2766884531590414,2.2766884531590414,2.2766884531590414,2.2766884531590414,2.2766884531590414],[0.5973684210526315,0.42105263157894735,0.4263157894736842,0.4263157894736842,0.4263157894736842,0.4263157894736842,0.4263157894736842,0.4263157894736842,0.4263157894736842,0.4263157894736842,0.4263157894736842,0.4263157894736842,0.4263157894736842,0.4263157894736842,0.4263157894736842,0.4263157894736842,0.4263157894736842,0.4263157894736842,0.4263157894736842,0.4263157894736842,0.4263157894736842,0.4263157894736842,0.4263157894736842,0.4263157894736842,0.4263157894736842,0.4263157894736842,0.4263157894736842,0.4263157894736842,0.4263157894736842,0.4263157894736842,0.4263157894736842,0.4263157894736842,0.4263157894736842,0.4263157894736842,0.4263157894736842,0.4263157894736842,0.4263157894736842,0.4263157894736842,0.4263157894736842,0.4263157894736842,0.4263157894736842,0.4263157894736842,0.4263157894736842,0.4263157894736842,0.4263157894736842,0.4263157894736842,0.4263157894736842,0.4263157894736842,0.4263157894736842,0.4263157894736842,0.4263157894736842]]},"training_metrics":{"__meta":{"schema_version":3,"schema_name":"ModelMetricsBinomialV3","schema_type":"ModelMetricsBinomial"},"model":{"__meta":{"schema_version":3,"schema_name":"ModelKeyV3","schema_type":"Key<Model>"},"name":"prostategbm3.hex","type":"Key<Model>","URL":"/3/Models/prostategbm3.hex"},"model_checksum":-5194974462362685398,"frame":{"__meta":{"schema_version":3,"schema_name":"FrameKeyV3","schema_type":"Key<Frame>"},"name":"RTMP_sid_86ce_185","type":"Key<Frame>","URL":"/3/Frames/RTMP_sid_86ce_185"},"frame_checksum":-719866822204407492,"description":null,"model_category":"Binomial","scoring_time":1490806241000,"predictions":null,"MSE":0.20501542429580533,"RMSE":0.4527862898717289,"nobs":380,"r2":0.14761373791960242,"logloss":0.5965676254279353,"AUC":0.7119288243931934,"Gini":0.42385764878638676,"mean_per_class_error":0.3792001382050618,"domain":["0","1"],"thresholds_and_metric_scores":{"__meta":{"schema_version":3,"schema_name":"TwoDimTableV3","schema_type":"TwoDimTable"},"name":"Metrics for Thresholds","description":"Binomial metrics as a function of classification thresholds","columns":[{"__meta":{"schema_version":-1,"schema_name":"ColumnSpecsBase","schema_type":"Iced"},"name":"threshold","type":"double","format":"%f","description":"Threshold"},{"__meta":{"schema_version":-1,"schema_name":"ColumnSpecsBase","schema_type":"Iced"},"name":"f1","type":"double","format":"%f","description":"f1"},{"__meta":{"schema_version":-1,"schema_name":"ColumnSpecsBase","schema_type":"Iced"},"name":"f2","type":"double","format":"%f","description":"f2"},{"__meta":{"schema_version":-1,"schema_name":"ColumnSpecsBase","schema_type":"Iced"},"name":"f0point5","type":"double","format":"%f","description":"f0point5"},{"__meta":{"schema_version":-1,"schema_name":"ColumnSpecsBase","schema_type":"Iced"},"name":"accuracy","type":"double","format":"%f","description":"accuracy"},{"__meta":{"schema_version":-1,"schema_name":"ColumnSpecsBase","schema_type":"Iced"},"name":"precision","type":"double","format":"%f","description":"precision"},{"__meta":{"schema_version":-1,"schema_name":"ColumnSpecsBase","schema_type":"Iced"},"name":"recall","type":"double","format":"%f","description":"recall"},{"__meta":{"schema_version":-1,"schema_name":"ColumnSpecsBase","schema_type":"Iced"},"name":"specificity","type":"double","format":"%f","description":"specificity"},{"__meta":{"schema_version":-1,"schema_name":"ColumnSpecsBase","schema_type":"Iced"},"name":"absolute_mcc","type":"double","format":"%f","description":"absolute_mcc"},{"__meta":{"schema_version":-1,"schema_name":"ColumnSpecsBase","schema_type":"Iced"},"name":"min_per_class_accuracy","type":"double","format":"%f","description":"min_per_class_accuracy"},{"__meta":{"schema_version":-1,"schema_name":"ColumnSpecsBase","schema_type":"Iced"},"name":"mean_per_class_accuracy","type":"double","format":"%f","description":"mean_per_class_accuracy"},{"__meta":{"schema_version":-1,"schema_name":"ColumnSpecsBase","schema_type":"Iced"},"name":"tns","type":"long","format":"%d","description":"tns"},{"__meta":{"schema_version":-1,"schema_name":"ColumnSpecsBase","schema_type":"Iced"},"name":"fns","type":"long","format":"%d","description":"fns"},{"__meta":{"schema_version":-1,"schema_name":"ColumnSpecsBase","schema_type":"Iced"},"name":"fps","type":"long","format":"%d","description":"fps"},{"__meta":{"schema_version":-1,"schema_name":"ColumnSpecsBase","schema_type":"Iced"},"name":"tps","type":"long","format":"%d","description":"tps"},{"__meta":{"schema_version":-1,"schema_name":"ColumnSpecsBase","schema_type":"Iced"},"name":"tnr","type":"double","format":"%f","description":"tnr"},{"__meta":{"schema_version":-1,"schema_name":"ColumnSpecsBase","schema_type":"Iced"},"name":"fnr","type":"double","format":"%f","description":"fnr"},{"__meta":{"schema_version":-1,"schema_name":"ColumnSpecsBase","schema_type":"Iced"},"name":"fpr","type":"double","format":"%f","description":"fpr"},{"__meta":{"schema_version":-1,"schema_name":"ColumnSpecsBase","schema_type":"Iced"},"name":"tpr","type":"double","format":"%f","description":"tpr"},{"__meta":{"schema_version":-1,"schema_name":"ColumnSpecsBase","schema_type":"Iced"},"name":"idx","type":"int","format":"%d","description":"idx"}],"rowcount":15,"data":[[0.8834300926234975,0.8264476285860689,0.8029253538645161,0.7233385147811296,0.713917841761723,0.590262766984078,0.5863923809594078,0.5216333465474381,0.4794187172241021,0.44353330759567655,0.3597362816741039,0.34366198290564787,0.23659393393295247,0.19150358610928125,0.17112570619027215],[0.13333333333333333,0.22727272727272727,0.23728813559322037,0.3010752688172043,0.3157894736842105,0.44144144144144143,0.4581497797356828,0.4786324786324786,0.5980707395498391,0.5987261146496816,0.5968253968253968,0.6197183098591549,0.6164383561643835,0.5768500948766603,0.574108818011257],[0.08814102564102565,0.15748031496062992,0.16509433962264153,0.21705426356589147,0.2311248073959938,0.35976505139500736,0.37900874635568516,0.4040404040404041,0.6038961038961038,0.6080206985769729,0.607235142118863,0.7457627118644069,0.7525083612040132,0.7707910750507099,0.7711693548387096],[0.27363184079601993,0.40816326530612246,0.42168674698795183,0.49122807017543857,0.4983388704318937,0.5710955710955711,0.579064587973274,0.5870020964360588,0.5923566878980892,0.5897114178168131,0.5867665418227216,0.5301204819277109,0.5220417633410672,0.4608853850818678,0.45726240286909736],[0.6236842105263158,0.6421052631578947,0.6447368421052632,0.6578947368421053,0.6578947368421053,0.6736842105263158,0.6763157894736842,0.6789473684210526,0.6710526315789473,0.6684210526315789,0.6657894736842105,0.5736842105263158,0.5578947368421052,0.4131578947368421,0.4026315789473684],[0.9166666666666666,0.8695652173913043,0.875,0.8484848484848485,0.8108108108108109,0.7101449275362319,0.7027027027027027,0.691358024691358,0.5886075949367089,0.5838509316770186,0.5802469135802469,0.4835164835164835,0.47368421052631576,0.40641711229946526,0.4026315789473684],[0.0718954248366013,0.13071895424836602,0.13725490196078433,0.1830065359477124,0.19607843137254902,0.3202614379084967,0.33986928104575165,0.3660130718954248,0.6078431372549019,0.6143790849673203,0.6143790849673203,0.8627450980392157,0.8823529411764706,0.9934640522875817,1.0],[0.9955947136563876,0.986784140969163,0.986784140969163,0.9779735682819384,0.9691629955947136,0.9118942731277533,0.9030837004405287,0.8898678414096917,0.7136563876651982,0.7048458149779736,0.7004405286343612,0.3788546255506608,0.3392070484581498,0.022026431718061675,0.0],[0.1892711544015324,0.2416628676747925,0.2500843015501239,0.2803555390125146,0.2733566595452084,0.29534748424562657,0.3008876094985977,0.3064209343877018,0.3199145177146478,0.31682570365293555,0.312201274374308,0.2634400891807106,0.25093760432541057,0.06094136890012185,0.0],[0.0718954248366013,0.13071895424836602,0.13725490196078433,0.1830065359477124,0.19607843137254902,0.3202614379084967,0.33986928104575165,0.3660130718954248,0.6078431372549019,0.6143790849673203,0.6143790849673203,0.3788546255506608,0.3392070484581498,0.022026431718061675,0.0],[0.5337450692464945,0.5587515476087646,0.5620195214649737,0.5804900521148254,0.5826207134836313,0.616077855518125,0.6214764907431402,0.6279404566525583,0.66074976246005,0.659612449972647,0.6574098068008407,0.6207998617949383,0.6107799948173102,0.5077452420028217,0.5],[226,224,224,222,220,207,205,202,162,160,159,86,77,5,0],[142,133,132,125,123,104,101,97,60,59,59,21,18,1,0],[1,3,3,5,7,20,22,25,65,67,68,141,150,222,227],[11,20,21,28,30,49,52,56,93,94,94,132,135,152,153],[0.9955947136563876,0.986784140969163,0.986784140969163,0.9779735682819384,0.9691629955947136,0.9118942731277533,0.9030837004405287,0.8898678414096917,0.7136563876651982,0.7048458149779736,0.7004405286343612,0.3788546255506608,0.3392070484581498,0.022026431718061675,0.0],[0.9281045751633987,0.869281045751634,0.8627450980392157,0.8169934640522876,0.803921568627451,0.6797385620915033,0.6601307189542484,0.6339869281045751,0.39215686274509803,0.38562091503267976,0.38562091503267976,0.13725490196078433,0.11764705882352941,0.006535947712418301,0.0],[0.004405286343612335,0.013215859030837005,0.013215859030837005,0.022026431718061675,0.030837004405286344,0.0881057268722467,0.09691629955947137,0.11013215859030837,0.28634361233480177,0.29515418502202645,0.29955947136563876,0.6211453744493393,0.6607929515418502,0.9779735682819384,1.0],[0.0718954248366013,0.13071895424836602,0.13725490196078433,0.1830065359477124,0.19607843137254902,0.3202614379084967,0.33986928104575165,0.3660130718954248,0.6078431372549019,0.6143790849673203,0.6143790849673203,0.8627450980392157,0.8823529411764706,0.9934640522875817,1.0],[0,1,2,3,4,5,6,7,8,9,10,11,12,13,14]]},"max_criteria_and_metric_scores":{"__meta":{"schema_version":3,"schema_name":"TwoDimTableV3","schema_type":"TwoDimTable"},"name":"Maximum Metrics","description":"Maximum metrics at their respective thresholds","columns":[{"__meta":{"schema_version":-1,"schema_name":"ColumnSpecsBase","schema_type":"Iced"},"name":"metric","type":"string","format":"%s","description":"Metric"},{"__meta":{"schema_version":-1,"schema_name":"ColumnSpecsBase","schema_type":"Iced"},"name":"threshold","type":"double","format":"%f","description":"Threshold"},{"__meta":{"schema_version":-1,"schema_name":"ColumnSpecsBase","schema_type":"Iced"},"name":"value","type":"double","format":"%f","description":"Value"},{"__meta":{"schema_version":-1,"schema_name":"ColumnSpecsBase","schema_type":"Iced"},"name":"idx","type":"long","format":"%d","description":"idx"}],"rowcount":10,"data":[["max f1","max f2","max f0point5","max accuracy","max precision","max recall","max specificity","max absolute_mcc","max min_per_class_accuracy","max mean_per_class_accuracy"],[0.34366198290564787,0.17112570619027215,0.4794187172241021,0.5216333465474381,0.8834300926234975,0.17112570619027215,0.8834300926234975,0.4794187172241021,0.44353330759567655,0.4794187172241021],[0.6197183098591549,0.7711693548387096,0.5923566878980892,0.6789473684210526,0.9166666666666666,1.0,0.9955947136563876,0.3199145177146478,0.6143790849673203,0.66074976246005],[11,14,8,7,0,14,0,8,9,8]]},"gains_lift_table":{"__meta":{"schema_version":3,"schema_name":"TwoDimTableV3","schema_type":"TwoDimTable"},"name":"Gains/Lift Table","description":"Avg response rate: 40.26 %","columns":[{"__meta":{"schema_version":-1,"schema_name":"ColumnSpecsBase","schema_type":"Iced"},"name":"","type":"string","format":"%s","description":""},{"__meta":{"schema_version":-1,"schema_name":"ColumnSpecsBase","schema_type":"Iced"},"name":"group","type":"int","format":"%d","description":"Group"},{"__meta":{"schema_version":-1,"schema_name":"ColumnSpecsBase","schema_type":"Iced"},"name":"cumulative_data_fraction","type":"double","format":"%.8f","description":"Cumulative Data Fraction"},{"__meta":{"schema_version":-1,"schema_name":"ColumnSpecsBase","schema_type":"Iced"},"name":"lower_threshold","type":"double","format":"%5f","description":"Lower Threshold"},{"__meta":{"schema_version":-1,"schema_name":"ColumnSpecsBase","schema_type":"Iced"},"name":"lift","type":"double","format":"%5f","description":"Lift"},{"__meta":{"schema_version":-1,"schema_name":"ColumnSpecsBase","schema_type":"Iced"},"name":"cumulative_lift","type":"double","format":"%5f","description":"Cumulative Lift"},{"__meta":{"schema_version":-1,"schema_name":"ColumnSpecsBase","schema_type":"Iced"},"name":"response_rate","type":"double","format":"%5f","description":"Response Rate"},{"__meta":{"schema_version":-1,"schema_name":"ColumnSpecsBase","schema_type":"Iced"},"name":"cumulative_response_rate","type":"double","format":"%5f","description":"Cumulative Response Rate"},{"__meta":{"schema_version":-1,"schema_name":"ColumnSpecsBase","schema_type":"Iced"},"name":"capture_rate","type":"double","format":"%5f","description":"Capture Rate"},{"__meta":{"schema_version":-1,"schema_name":"ColumnSpecsBase","schema_type":"Iced"},"name":"cumulative_capture_rate","type":"double","format":"%5f","description":"Cumulative Capture Rate"},{"__meta":{"schema_version":-1,"schema_name":"ColumnSpecsBase","schema_type":"Iced"},"name":"gain","type":"double","format":"%5f","description":"Gain"},{"__meta":{"schema_version":-1,"schema_name":"ColumnSpecsBase","schema_type":"Iced"},"name":"cumulative_gain","type":"double","format":"%5f","description":"Cumulative Gain"}],"rowcount":9,"data":[["","","","","","","","",""],[1,2,3,4,5,6,7,8,9],[0.031578947368421054,0.031578947368421054,0.060526315789473685,0.18157894736842106,0.2131578947368421,0.41578947368421054,0.718421052631579,0.9842105263157894,1.0],[0.883430111599581,0.8623465935693838,0.8264476304368886,0.5902627666123168,0.5216333423307205,0.4794187204904425,0.3436620048556456,0.19150358341994325,0.1711257102827906],[2.2766884531590414,0.0,2.0320855614973263,1.5657857345836887,1.4488017429193902,1.193447075800017,0.8422847399829497,0.4918138872710801,0.4139433551198257],[2.2766884531590414,2.2766884531590414,2.159704461494743,1.7637586435540402,1.7170983619785363,1.4619012161826757,1.2008906126553187,1.0094019782601098,1.0],[0.9166666666666666,0.0,0.8181818181818182,0.6304347826086957,0.5833333333333334,0.4805194805194805,0.3391304347826087,0.19801980198019803,0.16666666666666666],[0.9166666666666666,0.9166666666666666,0.8695652173913043,0.7101449275362319,0.691358024691358,0.5886075949367089,0.4835164835164835,0.40641711229946526,0.4026315789473684],[0.0718954248366013,0.0,0.058823529411764705,0.1895424836601307,0.0457516339869281,0.24183006535947713,0.2549019607843137,0.13071895424836602,0.006535947712418301],[0.0718954248366013,0.0718954248366013,0.13071895424836602,0.3202614379084967,0.3660130718954248,0.6078431372549019,0.8627450980392157,0.9934640522875817,1.0],[127.66884531590415,-100.0,103.20855614973263,56.57857345836887,44.88017429193902,19.344707580001707,-15.771526001705027,-50.81861127289199,-58.605664488017425],[127.66884531590415,127.66884531590415,115.9704461494743,76.37586435540402,71.70983619785363,46.19012161826757,20.08906126553187,0.94019782601098,0.0]]}},"validation_metrics":null,"cross_validation_metrics":null,"cross_validation_metrics_summary":null,"status":null,"start_time":1490806240783,"end_time":1490806241001,"run_time":218,"help":{"validation_metrics":"Validation data model metrics", "cross_validation_metrics_summary":"Cross-validation model metrics summary", "run_time":"Runtime in milliseconds", "status":"Job status", "domains":"Domains for categorical columns", "model_category":"Category of the model (e.g., Binomial)", "__meta":"Metadata on this schema instance, to make it self-describing.", "variable_importances":"Variable Importances", "model_summary":"Model summary", "scoring_history":"Scoring history", "help":"Help information for output fields", "end_time":"End time in milliseconds", "names":"Column names", "cross_validation_fold_assignment_frame_id":"Cross-validation fold assignment (each row is assigned to one holdout fold)", "start_time":"Start time in milliseconds", "training_metrics":"Training data model metrics", "cross_validation_models":"Cross-validation models (model ids)", "cross_validation_metrics":"Cross-validation model metrics", "cross_validation_predictions":"Cross-validation predictions, one per cv model (deprecated, use cross_validation_holdout_predictions_frame_id instead)", "init_f":"The Intercept term, the initial model function value to which trees make adjustments", "cross_validation_holdout_predictions_frame_id":"Cross-validation holdout predictions (full out-of-sample predictions on training data)"},"variable_importances":{"__meta":{"schema_version":3,"schema_name":"TwoDimTableV3","schema_type":"TwoDimTable"},"name":"Variable Importances","description":"","columns":[{"__meta":{"schema_version":-1,"schema_name":"ColumnSpecsBase","schema_type":"Iced"},"name":"variable","type":"string","format":"%s","description":"Variable"},{"__meta":{"schema_version":-1,"schema_name":"ColumnSpecsBase","schema_type":"Iced"},"name":"relative_importance","type":"double","format":"%5f","description":"Relative Importance"},{"__meta":{"schema_version":-1,"schema_name":"ColumnSpecsBase","schema_type":"Iced"},"name":"scaled_importance","type":"double","format":"%5f","description":"Scaled Importance"},{"__meta":{"schema_version":-1,"schema_name":"ColumnSpecsBase","schema_type":"Iced"},"name":"percentage","type":"double","format":"%5f","description":"Percentage"}],"rowcount":3,"data":[["DPROS","DCAPS","RACE"],[49.15435028076172,20.379364013671875,1.2523683309555054],[1.0,0.41459939755623326,0.02547828063644783],[0.6944069859169089,0.28790071801999023,0.017692296063100882]]},"init_f":-0.3945120960889672},"compatible_frames":null}
