{"__meta":{"schema_version":3,"schema_name":"GBMModelV3","schema_type":"GBMModel"},"model_id":{"__meta":{"schema_version":3,"schema_name":"ModelKeyV3","schema_type":"Key<Model>"},"name":"prostategbm1.hex","type":"Key<Model>","URL":"/3/Models/prostategbm1.hex"},"algo":"gbm","algo_full_name":"Gradient Boosting Machine","response_column_name":"CAPSULE","data_frame":{"__meta":{"schema_version":3,"schema_name":"FrameKeyV3","schema_type":"Key<Frame>"},"name":"RTMP_sid_86ce_185","type":"Key<Frame>","URL":"/3/Frames/RTMP_sid_86ce_185"},"timestamp":0,"algo":"gbm","algo_full_name":"Gradient Boosting Machine","model_id":{"__meta":{"schema_version":3,"schema_name":"ModelKeyV3","schema_type":"Key<Model>"},"name":"prostategbm1.hex","type":"Key<Model>","URL":"/3/Models/prostategbm1.hex"},"parameters":[{"__meta":{"schema_version":3,"schema_name":"ModelParameterSchemaV3","schema_type":"Iced"},"name":"model_id","label":"model_id","help":"Destination id for this model; auto-generated if not specified.","required":false,"type":"Key<Model>","default_value":null,"actual_value":{"__meta":{"schema_version":3,"schema_name":"ModelKeyV3","schema_type":"Key<Model>"},"name":"prostategbm1.hex","type":"Key<Model>","URL":"/3/Models/prostategbm1.hex"},"level":"critical","values":[],"is_member_of_frames":[],"is_mutually_exclusive_with":[],"gridable":false},{"__meta":{"schema_version":3,"schema_name":"ModelParameterSchemaV3","schema_type":"Iced"},"name":"training_frame","label":"training_frame","help":"Id of the training data frame (Not required, to allow initial validation of model parameters).","required":false,"type":"Key<Frame>","default_value":null,"actual_value":{"__meta":{"schema_version":3,"schema_name":"FrameKeyV3","schema_type":"Key<Frame>"},"name":"RTMP_sid_86ce_185","type":"Key<Frame>","URL":"/3/Frames/RTMP_sid_86ce_185"},"level":"critical","values":[],"is_member_of_frames":[],"is_mutually_exclusive_with":[],"gridable":false},{"__meta":{"schema_version":3,"schema_name":"ModelParameterSchemaV3","schema_type":"Iced"},"name":"validation_frame","label":"validation_frame","help":"Id of the validation data frame.","required":false,"type":"Key<Frame>","default_value":null,"actual_value":null,"level":"critical","values":[],"is_member_of_frames":[],"is_mutually_exclusive_with":[],"gridable":true},{"__meta":{"schema_version":3,"schema_name":"ModelParameterSchemaV3","schema_type":"Iced"},"name":"nfolds","label":"nfolds","help":"Number of folds for N-fold cross-validation (0 to disable or >= 2).","required":false,"type":"int","default_value":0,"actual_value":0,"level":"critical","values":[],"is_member_of_frames":[],"is_mutually_exclusive_with":[],"gridable":false},{"__meta":{"schema_version":3,"schema_name":"ModelParameterSchemaV3","schema_type":"Iced"},"name":"keep_cross_validation_predictions","label":"keep_cross_validation_predictions","help":"Whether to keep the predictions of the cross-validation models.","required":false,"type":"boolean","default_value":false,"actual_value":false,"level":"expert","values":[],"is_member_of_frames":[],"is_mutually_exclusive_with":[],"gridable":false},{"__meta":{"schema_version":3,"schema_name":"ModelParameterSchemaV3","schema_type":"Iced"},"name":"keep_cross_validation_fold_assignment","label":"keep_cross_validation_fold_assignment","help":"Whether to keep the cross-validation fold assignment.","required":false,"type":"boolean","default_value":false,"actual_value":false,"level":"expert","values":[],"is_member_of_frames":[],"is_mutually_exclusive_with":[],"gridable":false},{"__meta":{"schema_version":3,"schema_name":"ModelParameterSchemaV3","schema_type":"Iced"},"name":"score_each_iteration","label":"score_each_iteration","help":"Whether to score during each iteration of model training.","required":false,"type":"boolean","default_value":false,"actual_value":false,"level":"secondary","values":[],"is_member_of_frames":[],"is_mutually_exclusive_with":[],"gridable":false},{"__meta":{"schema_version":3,"schema_name":"ModelParameterSchemaV3","schema_type":"Iced"},"name":"score_tree_interval","label":"score_tree_interval","help":"Score the model after every so many trees. Disabled if set to 0.","required":false,"type":"int","default_value":0,"actual_value":0,"level":"secondary","values":[],"is_member_of_frames":[],"is_mutually_exclusive_with":[],"gridable":false},{"__meta":{"schema_version":3,"schema_name":"ModelParameterSchemaV3","schema_type":"Iced"},"name":"fold_assignment","label":"fold_assignment","help":"Cross-validation fold assignment scheme, if fold_column is not specified. The 'Stratified' option will stratify the folds based on the response variable, for classification problems.","required":false,"type":"enum","default_value":"AUTO","actual_value":"AUTO","level":"secondary","values":["AUTO","Random","Modulo","Stratified"],"is_member_of_frames":[],"is_mutually_exclusive_with":[],"gridable":true},{"__meta":{"schema_version":3,"schema_name":"ModelParameterSchemaV3","schema_type":"Iced"},"name":"fold_column","label":"fold_column","help":"Column with cross-validation fold index assignment per observation.","required":false,"type":"VecSpecifier","default_value":null,"actual_value":null,"level":"secondary","values":[],"is_member_of_frames":["training_frame"],"is_mutually_exclusive_with":["response_column","weights_column","ignored_columns","offset_column"],"gridable":true},{"__meta":{"schema_version":3,"schema_name":"ModelParameterSchemaV3","schema_type":"Iced"},"name":"response_column","label":"response_column","help":"Response variable column.","required":false,"type":"VecSpecifier","default_value":null,"actual_value":{"__meta":{"schema_version":3,"schema_name":"ColSpecifierV3","schema_type":"VecSpecifier"},"column_name":"CAPSULE","is_member_of_frames":null},"level":"critical","values":[],"is_member_of_frames":["training_frame","validation_frame"],"is_mutually_exclusive_with":["weights_column","ignored_columns","offset_column","fold_column"],"gridable":true},{"__meta":{"schema_version":3,"schema_name":"ModelParameterSchemaV3","schema_type":"Iced"},"name":"ignored_columns","label":"ignored_columns","help":"Names of columns to ignore for training.","required":false,"type":"string[]","default_value":null,"actual_value":["ID","DPROS","DCAPS","PSA","VOL","GLEASON"],"level":"critical","values":[],"is_member_of_frames":["training_frame","validation_frame"],"is_mutually_exclusive_with":["response_column","weights_column","offset_column","fold_column"],"gridable":false},{"__meta":{"schema_version":3,"schema_name":"ModelParameterSchemaV3","schema_type":"Iced"},"name":"ignore_const_cols","label":"ignore_const_cols","help":"Ignore constant columns.","required":false,"type":"boolean","default_value":true,"actual_value":true,"level":"critical","values":[],"is_member_of_frames":[],"is_mutually_exclusive_with":[],"gridable":false},{"__meta":{"schema_version":3,"schema_name":"ModelParameterSchemaV3","schema_type":"Iced"},"name":"offset_column","label":"offset_column","help":"Offset column. This will be added to the combination of columns before applying the link function.","required":false,"type":"VecSpecifier","default_value":null,"actual_value":null,"level":"secondary","values":[],"is_member_of_frames":["training_frame","validation_frame"],"is_mutually_exclusive_with":["response_column","weights_column","ignored_columns","fold_column"],"gridable":true},{"__meta":{"schema_version":3,"schema_name":"ModelParameterSchemaV3","schema_type":"Iced"},"name":"weights_column","label":"weights_column","help":"Column with observation weights. Giving some observation a weight of zero is equivalent to excluding it from the dataset; giving an observation a relative weight of 2 is equivalent to repeating that row twice. Negative weights are not allowed.","required":false,"type":"VecSpecifier","default_value":null,"actual_value":null,"level":"secondary","values":[],"is_member_of_frames":["training_frame","validation_frame"],"is_mutually_exclusive_with":["response_column","ignored_columns","offset_column","fold_column"],"gridable":true},{"__meta":{"schema_version":3,"schema_name":"ModelParameterSchemaV3","schema_type":"Iced"},"name":"balance_classes","label":"balance_classes","help":"Balance training data class counts via over/under-sampling (for imbalanced data).","required":false,"type":"boolean","default_value":false,"actual_value":false,"level":"secondary","values":[],"is_member_of_frames":[],"is_mutually_exclusive_with":[],"gridable":true},{"__meta":{"schema_version":3,"schema_name":"ModelParameterSchemaV3","schema_type":"Iced"},"name":"class_sampling_factors","label":"class_sampling_factors","help":"Desired over/under-sampling ratios per class (in lexicographic order). If not specified, sampling factors will be automatically computed to obtain class balance during training. Requires balance_classes.","required":false,"type":"float[]","default_value":null,"actual_value":null,"level":"expert","values":[],"is_member_of_frames":[],"is_mutually_exclusive_with":[],"gridable":true},{"__meta":{"schema_version":3,"schema_name":"ModelParameterSchemaV3","schema_type":"Iced"},"name":"max_after_balance_size","label":"max_after_balance_size","help":"Maximum relative size of the training data after balancing class counts (can be less than 1.0). Requires balance_classes.","required":false,"type":"float","default_value":5.0,"actual_value":5.0,"level":"expert","values":[],"is_member_of_frames":[],"is_mutually_exclusive_with":[],"gridable":true},{"__meta":{"schema_version":3,"schema_name":"ModelParameterSchemaV3","schema_type":"Iced"},"name":"max_confusion_matrix_size","label":"max_confusion_matrix_size","help":"[Deprecated] Maximum size (# classes) for confusion matrices to be printed in the Logs","required":false,"type":"int","default_value":20,"actual_value":20,"level":"secondary","values":[],"is_member_of_frames":[],"is_mutually_exclusive_with":[],"gridable":false},{"__meta":{"schema_version":3,"schema_name":"ModelParameterSchemaV3","schema_type":"Iced"},"name":"max_hit_ratio_k","label":"max_hit_ratio_k","help":"Max. number (top K) of predictions to use for hit ratio computation (for multi-class only, 0 to disable)","required":false,"type":"int","default_value":0,"actual_value":0,"level":"secondary","values":[],"is_member_of_frames":[],"is_mutually_exclusive_with":[],"gridable":false},{"__meta":{"schema_version":3,"schema_name":"ModelParameterSchemaV3","schema_type":"Iced"},"name":"ntrees","label":"ntrees","help":"Number of trees.","required":false,"type":"int","default_value":50,"actual_value":50,"level":"critical","values":[],"is_member_of_frames":[],"is_mutually_exclusive_with":[],"gridable":true},{"__meta":{"schema_version":3,"schema_name":"ModelParameterSchemaV3","schema_type":"Iced"},"name":"max_depth","label":"max_depth","help":"Maximum tree depth.","required":false,"type":"int","default_value":5,"actual_value":5,"level":"critical","values":[],"is_member_of_frames":[],"is_mutually_exclusive_with":[],"gridable":true},{"__meta":{"schema_version":3,"schema_name":"ModelParameterSchemaV3","schema_type":"Iced"},"name":"min_rows","label":"min_rows","help":"Fewest allowed (weighted) observations in a leaf.","required":false,"type":"double","default_value":10.0,"actual_value":10.0,"level":"critical","values":[],"is_member_of_frames":[],"is_mutually_exclusive_with":[],"gridable":true},{"__meta":{"schema_version":3,"schema_name":"ModelParameterSchemaV3","schema_type":"Iced"},"name":"nbins","label":"nbins","help":"For numerical columns (real/int), build a histogram of (at least) this many bins, then split at the best point","required":false,"type":"int","default_value":20,"actual_value":20,"level":"critical","values":[],"is_member_of_frames":[],"is_mutually_exclusive_with":[],"gridable":true},{"__meta":{"schema_version":3,"schema_name":"ModelParameterSchemaV3","schema_type":"Iced"},"name":"nbins_top_level","label":"nbins_top_level","help":"For numerical columns (real/int), build a histogram of (at most) this many bins at the root level, then decrease by factor of two per level","required":false,"type":"int","default_value":1024,"actual_value":1024,"level":"secondary","values":[],"is_member_of_frames":[],"is_mutually_exclusive_with":[],"gridable":true},{"__meta":{"schema_version":3,"schema_name":"ModelParameterSchemaV3","schema_type":"Iced"},"name":"nbins_cats","label":"nbins_cats","help":"For categorical columns (factors), build a histogram of this many bins, then split at the best point. Higher values can lead to more overfitting.","required":false,"type":"int","default_value":1024,"actual_value":1024,"level":"secondary","values":[],"is_member_of_frames":[],"is_mutually_exclusive_with":[],"gridable":true},{"__meta":{"schema_version":3,"schema_name":"ModelParameterSchemaV3","schema_type":"Iced"},"name":"r2_stopping","label":"r2_stopping","help":"r2_stopping is no longer supported and will be ignored if set - please use stopping_rounds, stopping_metric and stopping_tolerance instead. Previous version of H2O would stop making trees when the R^2 metric equals or exceeds this","required":false,"type":"double","default_value":1.7976931348623157E308,"actual_value":1.7976931348623157E308,"level":"secondary","values":[],"is_member_of_frames":[],"is_mutually_exclusive_with":[],"gridable":true},{"__meta":{"schema_version":3,"schema_name":"ModelParameterSchemaV3","schema_type":"Iced"},"name":"stopping_rounds","label":"stopping_rounds","help":"Early stopping based on convergence of stopping_metric. Stop if simple moving average of length k of the stopping_metric does not improve for k:=stopping_rounds scoring events (0 to disable)","required":false,"type":"int","default_value":0,"actual_value":0,"level":"secondary","values":[],"is_member_of_frames":[],"is_mutually_exclusive_with":[],"gridable":true},{"__meta":{"schema_version":3,"schema_name":"ModelParameterSchemaV3","schema_type":"Iced"},"name":"stopping_metric","label":"stopping_metric","help":"Metric to use for early stopping (AUTO: logloss for classification, deviance for regression)","required":false,"type":"enum","default_value":"AUTO","actual_value":"AUTO","level":"secondary","values":["AUTO","deviance","logloss","MSE","RMSE","MAE","RMSLE","AUC","lift_top_group","misclassification","mean_per_class_error"],"is_member_of_frames":[],"is_mutually_exclusive_with":[],"gridable":true},{"__meta":{"schema_version":3,"schema_name":"ModelParameterSchemaV3","schema_type":"Iced"},"name":"stopping_tolerance","label":"stopping_tolerance","help":"Relative tolerance for metric-based stopping criterion (stop if relative improvement is not at least this much)","required":false,"type":"double","default_value":0.001,"actual_value":0.001,"level":"secondary","values":[],"is_member_of_frames":[],"is_mutually_exclusive_with":[],"gridable":true},{"__meta":{"schema_version":3,"schema_name":"ModelParameterSchemaV3","schema_type":"Iced"},"name":"max_runtime_secs","label":"max_runtime_secs","help":"Maximum allowed runtime in seconds for model training. Use 0 to disable.","required":false,"type":"double","default_value":0.0,"actual_value":0.0,"level":"secondary","values":[],"is_member_of_frames":[],"is_mutually_exclusive_with":[],"gridable":true},{"__meta":{"schema_version":3,"schema_name":"ModelParameterSchemaV3","schema_type":"Iced"},"name":"seed","label":"seed","help":"Seed for pseudo random number generator (if applicable)","required":false,"type":"long","default_value":-1,"actual_value":2566822895261152804,"level":"critical","values":[],"is_member_of_frames":[],"is_mutually_exclusive_with":[],"gridable":true},{"__meta":{"schema_version":3,"schema_name":"ModelParameterSchemaV3","schema_type":"Iced"},"name":"build_tree_one_node","label":"build_tree_one_node","help":"Run on one node only; no network overhead but fewer cpus used.  Suitable for small datasets.","required":false,"type":"boolean","default_value":false,"actual_value":false,"level":"expert","values":[],"is_member_of_frames":[],"is_mutually_exclusive_with":[],"gridable":false},{"__meta":{"schema_version":3,"schema_name":"ModelParameterSchemaV3","schema_type":"Iced"},"name":"learn_rate","label":"learn_rate","help":"Learning rate (from 0.0 to 1.0)","required":false,"type":"double","default_value":0.1,"actual_value":0.1,"level":"critical","values":[],"is_member_of_frames":[],"is_mutually_exclusive_with":[],"gridable":true},{"__meta":{"schema_version":3,"schema_name":"ModelParameterSchemaV3","schema_type":"Iced"},"name":"learn_rate_annealing","label":"learn_rate_annealing","help":"Scale the learning rate by this factor after each tree (e.g., 0.99 or 0.999) ","required":false,"type":"double","default_value":1.0,"actual_value":1.0,"level":"secondary","values":[],"is_member_of_frames":[],"is_mutually_exclusive_with":[],"gridable":true},{"__meta":{"schema_version":3,"schema_name":"ModelParameterSchemaV3","schema_type":"Iced"},"name":"distribution","label":"distribution","help":"Distribution function","required":false,"type":"enum","default_value":"AUTO","actual_value":"bernoulli","level":"secondary","values":["AUTO","bernoulli","multinomial","gaussian","poisson","gamma","tweedie","laplace","quantile","huber"],"is_member_of_frames":[],"is_mutually_exclusive_with":[],"gridable":true},{"__meta":{"schema_version":3,"schema_name":"ModelParameterSchemaV3","schema_type":"Iced"},"name":"quantile_alpha","label":"quantile_alpha","help":"Desired quantile for Quantile regression, must be between 0 and 1.","required":false,"type":"double","default_value":0.5,"actual_value":0.5,"level":"secondary","values":[],"is_member_of_frames":[],"is_mutually_exclusive_with":[],"gridable":true},{"__meta":{"schema_version":3,"schema_name":"ModelParameterSchemaV3","schema_type":"Iced"},"name":"tweedie_power","label":"tweedie_power","help":"Tweedie power for Tweedie regression, must be between 1 and 2.","required":false,"type":"double","default_value":1.5,"actual_value":1.5,"level":"secondary","values":[],"is_member_of_frames":[],"is_mutually_exclusive_with":[],"gridable":true},{"__meta":{"schema_version":3,"schema_name":"ModelParameterSchemaV3","schema_type":"Iced"},"name":"huber_alpha","label":"huber_alpha","help":"Desired quantile for Huber/M-regression (threshold between quadratic and linear loss, must be between 0 and 1).","required":false,"type":"double","default_value":0.9,"actual_value":0.9,"level":"secondary","values":[],"is_member_of_frames":[],"is_mutually_exclusive_with":[],"gridable":true},{"__meta":{"schema_version":3,"schema_name":"ModelParameterSchemaV3","schema_type":"Iced"},"name":"checkpoint","label":"checkpoint","help":"Model checkpoint to resume training with.","required":false,"type":"Key<Model>","default_value":null,"actual_value":null,"level":"secondary","values":[],"is_member_of_frames":[],"is_mutually_exclusive_with":[],"gridable":false},{"__meta":{"schema_version":3,"schema_name":"ModelParameterSchemaV3","schema_type":"Iced"},"name":"sample_rate","label":"sample_rate","help":"Row sample rate per tree (from 0.0 to 1.0)","required":false,"type":"double","default_value":1.0,"actual_value":1.0,"level":"critical","values":[],"is_member_of_frames":[],"is_mutually_exclusive_with":[],"gridable":true},{"__meta":{"schema_version":3,"schema_name":"ModelParameterSchemaV3","schema_type":"Iced"},"name":"sample_rate_per_class","label":"sample_rate_per_class","help":"Row sample rate per tree per class (from 0.0 to 1.0)","required":false,"type":"double[]","default_value":null,"actual_value":null,"level":"expert","values":[],"is_member_of_frames":[],"is_mutually_exclusive_with":[],"gridable":true},{"__meta":{"schema_version":3,"schema_name":"ModelParameterSchemaV3","schema_type":"Iced"},"name":"col_sample_rate","label":"col_sample_rate","help":"Column sample rate (from 0.0 to 1.0)","required":false,"type":"double","default_value":1.0,"actual_value":1.0,"level":"critical","values":[],"is_member_of_frames":[],"is_mutually_exclusive_with":[],"gridable":true},{"__meta":{"schema_version":3,"schema_name":"ModelParameterSchemaV3","schema_type":"Iced"},"name":"col_sample_rate_change_per_level","label":"col_sample_rate_change_per_level","help":"Relative change of the column sampling rate for every level (from 0.0 to 2.0)","required":false,"type":"double","default_value":1.0,"actual_value":1.0,"level":"expert","values":[],"is_member_of_frames":[],"is_mutually_exclusive_with":[],"gridable":true},{"__meta":{"schema_version":3,"schema_name":"ModelParameterSchemaV3","schema_type":"Iced"},"name":"col_sample_rate_per_tree","label":"col_sample_rate_per_tree","help":"Column sample rate per tree (from 0.0 to 1.0)","required":false,"type":"double","default_value":1.0,"actual_value":1.0,"level":"secondary","values":[],"is_member_of_frames":[],"is_mutually_exclusive_with":[],"gridable":true},{"__meta":{"schema_version":3,"schema_name":"ModelParameterSchemaV3","schema_type":"Iced"},"name":"min_split_improvement","label":"min_split_improvement","help":"Minimum relative improvement in squared error reduction for a split to happen","required":false,"type":"double","default_value":1.0E-5,"actual_value":1.0E-5,"level":"secondary","values":[],"is_member_of_frames":[],"is_mutually_exclusive_with":[],"gridable":true},{"__meta":{"schema_version":3,"schema_name":"ModelParameterSchemaV3","schema_type":"Iced"},"name":"histogram_type","label":"histogram_type","help":"What type of histogram to use for finding optimal split points","required":false,"type":"enum","default_value":"AUTO","actual_value":"AUTO","level":"secondary","values":["AUTO","UniformAdaptive","Random","QuantilesGlobal","RoundRobin"],"is_member_of_frames":[],"is_mutually_exclusive_with":[],"gridable":true},{"__meta":{"schema_version":3,"schema_name":"ModelParameterSchemaV3","schema_type":"Iced"},"name":"max_abs_leafnode_pred","label":"max_abs_leafnode_pred","help":"Maximum absolute value of a leaf node prediction","required":false,"type":"double","default_value":1.7976931348623157E308,"actual_value":1.7976931348623157E308,"level":"expert","values":[],"is_member_of_frames":[],"is_mutually_exclusive_with":[],"gridable":true},{"__meta":{"schema_version":3,"schema_name":"ModelParameterSchemaV3","schema_type":"Iced"},"name":"pred_noise_bandwidth","label":"pred_noise_bandwidth","help":"Bandwidth (sigma) of Gaussian multiplicative noise ~N(1,sigma) for tree node predictions","required":false,"type":"double","default_value":0.0,"actual_value":0.0,"level":"expert","values":[],"is_member_of_frames":[],"is_mutually_exclusive_with":[],"gridable":true},{"__meta":{"schema_version":3,"schema_name":"ModelParameterSchemaV3","schema_type":"Iced"},"name":"categorical_encoding","label":"categorical_encoding","help":"Encoding scheme for categorical features","required":false,"type":"enum","default_value":"AUTO","actual_value":"AUTO","level":"secondary","values":["AUTO","Enum","OneHotInternal","OneHotExplicit","Binary","Eigen"],"is_member_of_frames":[],"is_mutually_exclusive_with":[],"gridable":true}],"output":{"__meta":{"schema_version":3,"schema_name":"GBMModelOutputV3","schema_type":"GBMOutput"},"names":["AGE","RACE","CAPSULE"],"domains":[null,null,["0","1"]],"cross_validation_models":null,"cross_validation_predictions":null,"cross_validation_holdout_predictions_frame_id":null,"cross_validation_fold_assignment_frame_id":null,"model_category":"Binomial","model_summary":{"__meta":{"schema_version":3,"schema_name":"TwoDimTableV3","schema_type":"TwoDimTable"},"name":"Model Summary","description":"","columns":[{"__meta":{"schema_version":-1,"schema_name":"ColumnSpecsBase","schema_type":"Iced"},"name":"","type":"string","format":"%s","description":""},{"__meta":{"schema_version":-1,"schema_name":"ColumnSpecsBase","schema_type":"Iced"},"name":"number_of_trees","type":"long","format":"%d","description":"Number of Trees"},{"__meta":{"schema_version":-1,"schema_name":"ColumnSpecsBase","schema_type":"Iced"},"name":"number_of_internal_trees","type":"long","format":"%d","description":"Number of Internal Trees"},{"__meta":{"schema_version":-1,"schema_name":"ColumnSpecsBase","schema_type":"Iced"},"name":"model_size_in_bytes","type":"long","format":"%d","description":"Model Size in Bytes"},{"__meta":{"schema_version":-1,"schema_name":"ColumnSpecsBase","schema_type":"Iced"},"name":"min_depth","type":"long","format":"%d","description":"Min. Depth"},{"__meta":{"schema_version":-1,"schema_name":"ColumnSpecsBase","schema_type":"Iced"},"name":"max_depth","type":"long","format":"%d","description":"Max. Depth"},{"__meta":{"schema_version":-1,"schema_name":"ColumnSpecsBase","schema_type":"Iced"},"name":"mean_depth","type":"double","format":"%.5f","description":"Mean Depth"},{"__meta":{"schema_version":-1,"schema_name":"ColumnSpecsBase","schema_type":"Iced"},"name":"min_leaves","type":"long","format":"%d","description":"Min. Leaves"},{"__meta":{"schema_version":-1,"schema_name":"ColumnSpecsBase","schema_type":"Iced"},"name":"max_leaves","type":"long","format":"%d","description":"Max. Leaves"},{"__meta":{"schema_version":-1,"schema_name":"ColumnSpecsBase","schema_type":"Iced"},"name":"mean_leaves","type":"double","format":"%.5f","description":"Mean Leaves"}],"rowcount":1,"data":[[""],[50],[50],[11635],[5],[5],[5.0],[9],[16],[12.8]]},"scoring_history":{"__meta":{"schema_version":3,"schema_name":"TwoDimTableV3","schema_type":"TwoDimTable"},"name":"Scoring History","description":"","columns":[{"__meta":{"schema_version":-1,"schema_name":"ColumnSpecsBase","schema_type":"Iced"},"name":"","type":"string","format":"%s","description":""},{"__meta":{"schema_version":-1,"schema_name":"ColumnSpecsBase","schema_type":"Iced"},"name":"timestamp","type":"string","format":"%s","description":"Timestamp"},{"__meta":{"schema_version":-1,"schema_name":"ColumnSpecsBase","schema_type":"Iced"},"name":"duration","type":"string","format":"%s","description":"Duration"},{"__meta":{"schema_version":-1,"schema_name":"ColumnSpecsBase","schema_type":"Iced"},"name":"number_of_trees","type":"long","format":"%d","description":"Number of Trees"},{"__meta":{"schema_version":-1,"schema_name":"ColumnSpecsBase","schema_type":"Iced"},"name":"training_rmse","type":"double","format":"%.5f","description":"Training RMSE"},{"__meta":{"schema_version":-1,"schema_name":"ColumnSpecsBase","schema_type":"Iced"},"name":"training_logloss","type":"double","format":"%.5f","description":"Training LogLoss"},{"__meta":{"schema_version":-1,"schema_name":"ColumnSpecsBase","schema_type":"Iced"},"name":"training_auc","type":"double","format":"%.5f","description":"Training AUC"},{"__meta":{"schema_version":-1,"schema_name":"ColumnSpecsBase","schema_type":"Iced"},"name":"training_lift","type":"double","format":"%.5f","description":"Training Lift"},{"__meta":{"schema_version":-1,"schema_name":"ColumnSpecsBase","schema_type":"Iced"},"name":"training_classification_error","type":"double","format":"%.5f","description":"Training Classification Error"}],"rowcount":51,"data":[["","","","","","","","","","","","","","","","","","","","","","","","","","","","","","","","","","","","","","","","","","","","","","","","","","",""],["2017-03-29 09:50:38","2017-03-29 09:50:38","2017-03-29 09:50:38","2017-03-29 09:50:38","2017-03-29 09:50:38","2017-03-29 09:50:38","2017-03-29 09:50:38","2017-03-29 09:50:38","2017-03-29 09:50:38","2017-03-29 09:50:38","2017-03-29 09:50:38","2017-03-29 09:50:38","2017-03-29 09:50:38","2017-03-29 09:50:38","2017-03-29 09:50:38","2017-03-29 09:50:38","2017-03-29 09:50:38","2017-03-29 09:50:38","2017-03-29 09:50:38","2017-03-29 09:50:38","2017-03-29 09:50:38","2017-03-29 09:50:38","2017-03-29 09:50:38","2017-03-29 09:50:38","2017-03-29 09:50:38","2017-03-29 09:50:38","2017-03-29 09:50:38","2017-03-29 09:50:38","2017-03-29 09:50:38","2017-03-29 09:50:38","2017-03-29 09:50:38","2017-03-29 09:50:38","2017-03-29 09:50:38","2017-03-29 09:50:38","2017-03-29 09:50:38","2017-03-29 09:50:38","2017-03-29 09:50:38","2017-03-29 09:50:38","2017-03-29 09:50:38","2017-03-29 09:50:38","2017-03-29 09:50:38","2017-03-29 09:50:38","2017-03-29 09:50:38","2017-03-29 09:50:38","2017-03-29 09:50:38","2017-03-29 09:50:38","2017-03-29 09:50:38","2017-03-29 09:50:38","2017-03-29 09:50:38","2017-03-29 09:50:38","2017-03-29 09:50:38"],[" 0.001 sec"," 0.011 sec"," 0.015 sec"," 0.018 sec"," 0.022 sec"," 0.028 sec"," 0.031 sec"," 0.036 sec"," 0.067 sec"," 0.072 sec"," 0.077 sec"," 0.082 sec"," 0.085 sec"," 0.089 sec"," 0.098 sec"," 0.103 sec"," 0.107 sec"," 0.113 sec"," 0.120 sec"," 0.124 sec"," 0.131 sec"," 0.135 sec"," 0.140 sec"," 0.145 sec"," 0.149 sec"," 0.154 sec"," 0.159 sec"," 0.164 sec"," 0.169 sec"," 0.175 sec"," 0.180 sec"," 0.186 sec"," 0.193 sec"," 0.199 sec"," 0.206 sec"," 0.216 sec"," 0.222 sec"," 0.248 sec"," 0.272 sec"," 0.281 sec"," 0.295 sec"," 0.304 sec"," 0.313 sec"," 0.321 sec"," 0.329 sec"," 0.337 sec"," 0.345 sec"," 0.352 sec"," 0.363 sec"," 0.370 sec"," 0.383 sec"],[0,1,2,3,4,5,6,7,8,9,10,11,12,13,14,15,16,17,18,19,20,21,22,23,24,25,26,27,28,29,30,31,32,33,34,35,36,37,38,39,40,41,42,43,44,45,46,47,48,49,50],[0.49042776285781164,0.4882744940138884,0.48652456185586923,0.4851026770254035,0.48394634549947996,0.48306881202394997,0.4822846190891362,0.4814746043317807,0.4808943720182731,0.4804486908064301,0.4800157271648233,0.4796225096021536,0.47920024666166894,0.47883670338880013,0.4786061520812627,0.4783566518571009,0.47804762510821786,0.47782395334478783,0.477353828085026,0.4771871179810728,0.4768613134814118,0.4767026151647544,0.47656732117841105,0.47641673493702713,0.4761255161179131,0.4760151522898264,0.4759128908137168,0.4756572575756599,0.4755771391435551,0.4754924813989664,0.47531334697195576,0.4752511945520944,0.4751878486512291,0.4751374021328578,0.4750389522513851,0.4749908514726053,0.47495113046731907,0.4749009811152296,0.4748651922285327,0.47474422866110005,0.4746796514448953,0.47462157344246175,0.47457493749187407,0.47454525803663855,0.4744755949944827,0.474427863018056,0.4744016246434562,0.474356725858152,0.4742999796942618,0.4742597060450162,0.4742151549281715],[0.6740642634011699,0.6696761626694695,0.6661062192942663,0.6631943740858779,0.660811882530067,0.6589985946122748,0.6573589371326554,0.6556753964042231,0.6544679657243742,0.6535146904901137,0.652599571250456,0.6517296857614896,0.6508104539330588,0.6499893168905218,0.649484323516224,0.6488989958897148,0.6482592301708597,0.6477322782201165,0.646757842350622,0.6463523606688787,0.645677221440243,0.6453418032615429,0.6450055919549542,0.6446671809561978,0.6440507057227196,0.6437739865958171,0.6435208304779347,0.6429779383831687,0.6427726508571855,0.6425769253349887,0.6421936690112838,0.6420446585057948,0.6419062950579744,0.6417822657643067,0.6415598530473582,0.6414553335584576,0.6413549016208716,0.6412454579814906,0.6411584386797671,0.6408913800967655,0.6407499335491195,0.6406121399853646,0.6405005658585774,0.6404365292540627,0.6402893778343127,0.6401772983584202,0.6401201008336135,0.6400368297112632,0.6399038099525018,0.6398284856750069,0.6397343538157036],[0.5,0.6194322075379344,0.6194322075379344,0.6194322075379344,0.6221099306095419,0.6221675160519421,0.6230888831303446,0.6283003656675593,0.6290777691399614,0.6291353545823616,0.6305749906423657,0.6302294779879646,0.6308485214937664,0.6313667904753678,0.6318274740145692,0.6309636923785668,0.6326912556505715,0.6327776338141718,0.6361031931127811,0.6350378624283781,0.6385505744147879,0.6389536725115891,0.638939276150989,0.6398030577869915,0.6401773631625925,0.6401773631625925,0.6405228758169934,0.641415450174196,0.6413578647317958,0.6420488900405977,0.6411275229621952,0.642135268204198,0.6420776827617979,0.6426247444645993,0.6429126716766002,0.6427399153493997,0.6431142207250007,0.6431142207250007,0.6434309406582016,0.6432005988886009,0.643517318821802,0.6429414643978002,0.6424231954161987,0.6441507586882036,0.6444962713426046,0.6450721257666062,0.6451585039302064,0.645705565633008,0.6454176384210071,0.6458783219602084,0.64642538366301],[1.0,1.4901960784313726,1.4901960784313726,1.4901960784313726,1.4901960784313726,1.4901960784313726,1.4901960784313726,1.4901960784313726,1.4901960784313726,1.4901960784313726,1.4901960784313726,1.4901960784313726,1.4901960784313726,1.4901960784313726,1.4901960784313726,1.4901960784313726,1.4901960784313726,1.4901960784313726,1.4901960784313726,1.4901960784313726,1.4901960784313726,1.4901960784313726,1.4901960784313726,1.4901960784313726,1.4901960784313726,1.4901960784313726,1.4901960784313726,1.4901960784313726,1.4901960784313726,1.4901960784313726,1.4901960784313726,1.4901960784313726,1.4901960784313726,1.4901960784313726,1.4901960784313726,1.4901960784313726,1.4901960784313726,1.4901960784313726,1.4901960784313726,1.4901960784313726,1.4901960784313726,1.4901960784313726,1.4901960784313726,1.4901960784313726,1.4901960784313726,1.4901960784313726,1.4901960784313726,1.4901960784313726,1.4901960784313726,1.4901960784313726,1.4901960784313726],[0.5973684210526315,0.5,0.5,0.5,0.5,0.5,0.5,0.5210526315789473,0.5210526315789473,0.5210526315789473,0.5184210526315789,0.5184210526315789,0.5184210526315789,0.5184210526315789,0.5184210526315789,0.5184210526315789,0.5184210526315789,0.5184210526315789,0.5184210526315789,0.5184210526315789,0.5184210526315789,0.5184210526315789,0.5184210526315789,0.5184210526315789,0.5184210526315789,0.5184210526315789,0.5184210526315789,0.5184210526315789,0.5184210526315789,0.5184210526315789,0.5184210526315789,0.5184210526315789,0.5184210526315789,0.5184210526315789,0.5184210526315789,0.5184210526315789,0.5184210526315789,0.5184210526315789,0.5184210526315789,0.5184210526315789,0.5184210526315789,0.5184210526315789,0.5184210526315789,0.5184210526315789,0.5184210526315789,0.5184210526315789,0.5184210526315789,0.5184210526315789,0.5184210526315789,0.5184210526315789,0.5184210526315789]]},"training_metrics":{"__meta":{"schema_version":3,"schema_name":"ModelMetricsBinomialV3","schema_type":"ModelMetricsBinomial"},"model":{"__meta":{"schema_version":3,"schema_name":"ModelKeyV3","schema_type":"Key<Model>"},"name":"prostategbm1.hex","type":"Key<Model>","URL":"/3/Models/prostategbm1.hex"},"model_checksum":-4527883917665088510,"frame":{"__meta":{"schema_version":3,"schema_name":"FrameKeyV3","schema_type":"Key<Frame>"},"name":"RTMP_sid_86ce_185","type":"Key<Frame>","URL":"/3/Frames/RTMP_sid_86ce_185"},"frame_checksum":-719866822204407492,"description":null,"model_category":"Binomial","scoring_time":1490806238523,"predictions":null,"MSE":0.22488001316354972,"RMSE":0.4742151549281715,"nobs":380,"r2":0.06502335375265389,"logloss":0.6397343538157036,"AUC":0.64642538366301,"Gini":0.2928507673260199,"mean_per_class_error":0.44031268895223286,"domain":["0","1"],"thresholds_and_metric_scores":{"__meta":{"schema_version":3,"schema_name":"TwoDimTableV3","schema_type":"TwoDimTable"},"name":"Metrics for Thresholds","description":"Binomial metrics as a function of classification thresholds","columns":[{"__meta":{"schema_version":-1,"schema_name":"ColumnSpecsBase","schema_type":"Iced"},"name":"threshold","type":"double","format":"%f","description":"Threshold"},{"__meta":{"schema_version":-1,"schema_name":"ColumnSpecsBase","schema_type":"Iced"},"name":"f1","type":"double","format":"%f","description":"f1"},{"__meta":{"schema_version":-1,"schema_name":"ColumnSpecsBase","schema_type":"Iced"},"name":"f2","type":"double","format":"%f","description":"f2"},{"__meta":{"schema_version":-1,"schema_name":"ColumnSpecsBase","schema_type":"Iced"},"name":"f0point5","type":"double","format":"%f","description":"f0point5"},{"__meta":{"schema_version":-1,"schema_name":"ColumnSpecsBase","schema_type":"Iced"},"name":"accuracy","type":"double","format":"%f","description":"accuracy"},{"__meta":{"schema_version":-1,"schema_name":"ColumnSpecsBase","schema_type":"Iced"},"name":"precision","type":"double","format":"%f","description":"precision"},{"__meta":{"schema_version":-1,"schema_name":"ColumnSpecsBase","schema_type":"Iced"},"name":"recall","type":"double","format":"%f","description":"recall"},{"__meta":{"schema_version":-1,"schema_name":"ColumnSpecsBase","schema_type":"Iced"},"name":"specificity","type":"double","format":"%f","description":"specificity"},{"__meta":{"schema_version":-1,"schema_name":"ColumnSpecsBase","schema_type":"Iced"},"name":"absolute_mcc","type":"double","format":"%f","description":"absolute_mcc"},{"__meta":{"schema_version":-1,"schema_name":"ColumnSpecsBase","schema_type":"Iced"},"name":"min_per_class_accuracy","type":"double","format":"%f","description":"min_per_class_accuracy"},{"__meta":{"schema_version":-1,"schema_name":"ColumnSpecsBase","schema_type":"Iced"},"name":"mean_per_class_accuracy","type":"double","format":"%f","description":"mean_per_class_accuracy"},{"__meta":{"schema_version":-1,"schema_name":"ColumnSpecsBase","schema_type":"Iced"},"name":"tns","type":"long","format":"%d","description":"tns"},{"__meta":{"schema_version":-1,"schema_name":"ColumnSpecsBase","schema_type":"Iced"},"name":"fns","type":"long","format":"%d","description":"fns"},{"__meta":{"schema_version":-1,"schema_name":"ColumnSpecsBase","schema_type":"Iced"},"name":"fps","type":"long","format":"%d","description":"fps"},{"__meta":{"schema_version":-1,"schema_name":"ColumnSpecsBase","schema_type":"Iced"},"name":"tps","type":"long","format":"%d","description":"tps"},{"__meta":{"schema_version":-1,"schema_name":"ColumnSpecsBase","schema_type":"Iced"},"name":"tnr","type":"double","format":"%f","description":"tnr"},{"__meta":{"schema_version":-1,"schema_name":"ColumnSpecsBase","schema_type":"Iced"},"name":"fnr","type":"double","format":"%f","description":"fnr"},{"__meta":{"schema_version":-1,"schema_name":"ColumnSpecsBase","schema_type":"Iced"},"name":"fpr","type":"double","format":"%f","description":"fpr"},{"__meta":{"schema_version":-1,"schema_name":"ColumnSpecsBase","schema_type":"Iced"},"name":"tpr","type":"double","format":"%f","description":"tpr"},{"__meta":{"schema_version":-1,"schema_name":"ColumnSpecsBase","schema_type":"Iced"},"name":"idx","type":"int","format":"%d","description":"idx"}],"rowcount":43,"data":[[0.6461161667571278,0.6428366997992359,0.6134933821340219,0.5854988722262964,0.569100183047417,0.540765604765391,0.525359150277761,0.49806139751392287,0.48287952261720773,0.4771983636088341,0.47397544908047984,0.4684700655939325,0.4675491373056187,0.4648612253382481,0.46103775486599363,0.46033688740595063,0.45192893760884695,0.4455739440003003,0.4286262891093782,0.42190368650798915,0.4133776382718074,0.4117407632430912,0.3985146403407439,0.3954603023006318,0.3829063036965047,0.3776116955058104,0.3726861731912658,0.3700534156782471,0.356664072948926,0.3365316477553029,0.3311452316501593,0.32300270794930436,0.3116292166078702,0.3086882448283302,0.2950165141974124,0.2528761306210835,0.214279826228545,0.1948265858597861,0.191789909241765,0.18994614031474394,0.16080237794267382,0.15329888199231734,0.1338822088225485],[0.02564102564102564,0.0379746835443038,0.10778443113772455,0.15999999999999998,0.17045454545454547,0.2076502732240437,0.30917874396135264,0.3222748815165877,0.3425925925925926,0.39830508474576276,0.401673640167364,0.42231075697211157,0.42857142857142855,0.47857142857142854,0.5,0.49829351535836186,0.5163398692810458,0.5329153605015675,0.5426829268292683,0.5529411764705883,0.5682451253481893,0.5797872340425533,0.5782493368700264,0.5767195767195767,0.5804749340369393,0.5826771653543308,0.5900000000000001,0.5942028985507246,0.5961538461538461,0.5924170616113744,0.5939675174013922,0.5960264900662252,0.5966386554621849,0.598326359832636,0.5959183673469388,0.5987780040733197,0.5955734406438632,0.5875486381322957,0.5795454545454546,0.5773584905660378,0.576271186440678,0.575187969924812,0.574108818011257],[0.016260162601626015,0.024311183144246355,0.07188498402555911,0.11041009463722395,0.11811023622047244,0.14797507788161993,0.2402402402402402,0.2537313432835821,0.2740740740740741,0.3381294964028777,0.3438395415472779,0.3732394366197183,0.37974683544303794,0.4533152909336941,0.4860186418109187,0.48537234042553196,0.5163398692810458,0.5462724935732648,0.565438373570521,0.5882352941176471,0.6234718826405867,0.6526946107784432,0.6519138755980861,0.6511350059737157,0.6563245823389021,0.6607142857142857,0.6868451688009313,0.7044673539518901,0.7085714285714286,0.7094211123723042,0.7191011235955056,0.7401315789473683,0.7593582887700535,0.7630736392742795,0.7692307692307693,0.7736842105263158,0.7740585774058576,0.775950668036999,0.7750759878419454,0.7735085945399393,0.7727272727272727,0.7719475277497476,0.7711693548387096],[0.0606060606060606,0.08670520231213873,0.21531100478468904,0.2904564315352697,0.30612244897959184,0.34798534798534797,0.43360433604336035,0.44155844155844154,0.45679012345679015,0.48453608247422686,0.48289738430583495,0.48623853211009177,0.4918032786885246,0.5068078668683812,0.5148095909732016,0.511921458625526,0.5163398692810458,0.5201958384332925,0.5216881594372802,0.5216426193118756,0.5220061412487206,0.521531100478469,0.5195424213536701,0.5175688509021843,0.5203405865657521,0.5211267605633803,0.5170902716914987,0.5137844611528821,0.5145228215767634,0.5085435313262815,0.5059288537549407,0.4988913525498891,0.4913494809688582,0.4920853406744665,0.4863424383744171,0.48837209302325574,0.4839764551994767,0.47276142767689416,0.4627949183303085,0.4605659241420831,0.45945945945945943,0.45835829838226483,0.45726240286909736],[0.6,0.6,0.6078947368421053,0.6131578947368421,0.6157894736842106,0.618421052631579,0.6236842105263158,0.6236842105263158,0.6263157894736842,0.6263157894736842,0.6236842105263158,0.618421052631579,0.6210526315789474,0.6157894736842106,0.6157894736842106,0.6131578947368421,0.6105263157894737,0.6078947368421053,0.6052631578947368,0.6,0.5921052631578947,0.5842105263157895,0.5815789473684211,0.5789473684210527,0.5815789473684211,0.5815789473684211,0.5684210526315789,0.5578947368421052,0.5578947368421052,0.5473684210526316,0.5394736842105263,0.5184210526315789,0.49473684210526314,0.49473684210526314,0.4789473684210526,0.48157894736842105,0.4710526315789474,0.4421052631578947,0.41578947368421054,0.4105263157894737,0.40789473684210525,0.4052631578947368,0.4026315789473684],[0.6666666666666666,0.6,0.6428571428571429,0.6363636363636364,0.6521739130434783,0.6333333333333333,0.5925925925925926,0.5862068965517241,0.5873015873015873,0.5662650602409639,0.5581395348837209,0.5408163265306123,0.5454545454545454,0.5275590551181102,0.5251798561151079,0.5214285714285715,0.5163398692810458,0.5120481927710844,0.5085714285714286,0.5026737967914439,0.49514563106796117,0.48878923766816146,0.48660714285714285,0.48444444444444446,0.48672566371681414,0.4868421052631579,0.4777327935222672,0.47126436781609193,0.4714828897338403,0.4646840148698885,0.460431654676259,0.45,0.43962848297213625,0.44,0.4332344213649852,0.4349112426035503,0.43023255813953487,0.4182825484764543,0.408,0.40583554376657827,0.40476190476190477,0.40369393139841686,0.4026315789473684],[0.013071895424836602,0.0196078431372549,0.058823529411764705,0.0915032679738562,0.09803921568627451,0.12418300653594772,0.20915032679738563,0.2222222222222222,0.24183006535947713,0.30718954248366015,0.3137254901960784,0.3464052287581699,0.35294117647058826,0.43790849673202614,0.477124183006536,0.477124183006536,0.5163398692810458,0.5555555555555556,0.5816993464052288,0.6143790849673203,0.6666666666666666,0.7124183006535948,0.7124183006535948,0.7124183006535948,0.7189542483660131,0.7254901960784313,0.7712418300653595,0.803921568627451,0.8104575163398693,0.8169934640522876,0.8366013071895425,0.8823529411764706,0.9281045751633987,0.934640522875817,0.954248366013072,0.9607843137254902,0.9673202614379085,0.9869281045751634,1.0,1.0,1.0,1.0,1.0],[0.9955947136563876,0.9911894273127754,0.9779735682819384,0.9647577092511013,0.9647577092511013,0.9515418502202643,0.9030837004405287,0.8942731277533039,0.8854625550660793,0.8414096916299559,0.8325991189427313,0.801762114537445,0.801762114537445,0.73568281938326,0.7092511013215859,0.7048458149779736,0.6740088105726872,0.6431718061674009,0.6211453744493393,0.5903083700440529,0.5418502202643172,0.4977973568281938,0.4933920704845815,0.4889867841409692,0.4889867841409692,0.4845814977973568,0.43171806167400884,0.3920704845814978,0.3876651982378855,0.3656387665198238,0.3392070484581498,0.27312775330396477,0.2026431718061674,0.19823788546255505,0.15859030837004406,0.15859030837004406,0.13656387665198239,0.07488986784140969,0.022026431718061675,0.013215859030837005,0.00881057268722467,0.004405286343612335,0.0],[0.048026014662816016,0.04646992672692789,0.09580047210333054,0.11814437839552967,0.12915136348902778,0.13772172539091718,0.15764402354757956,0.15886392993086493,0.16786569971296228,0.17638349516911497,0.17149565682148102,0.16610149672775018,0.1728571862450514,0.1804781035499244,0.18977152238168896,0.18500727038980472,0.19034867985373297,0.19649675388702703,0.1995843107531936,0.20079385255740323,0.2052540060134011,0.20937337161692565,0.20518215719438992,0.20098885064303768,0.20772284403104918,0.21029888198305724,0.20868660289409044,0.2072542152510118,0.21048546382186853,0.1969692530605327,0.1945699073592722,0.18703784712752108,0.17957842940412158,0.1852209196119784,0.17468975721683636,0.1867186326767601,0.1739712216662561,0.1391050827713823,0.09479865052293289,0.07323568348914469,0.05971753664481038,0.042170930307364816,0.0],[0.013071895424836602,0.0196078431372549,0.058823529411764705,0.0915032679738562,0.09803921568627451,0.12418300653594772,0.20915032679738563,0.2222222222222222,0.24183006535947713,0.30718954248366015,0.3137254901960784,0.3464052287581699,0.35294117647058826,0.43790849673202614,0.477124183006536,0.477124183006536,0.5163398692810458,0.5555555555555556,0.5816993464052288,0.5903083700440529,0.5418502202643172,0.4977973568281938,0.4933920704845815,0.4889867841409692,0.4889867841409692,0.4845814977973568,0.43171806167400884,0.3920704845814978,0.3876651982378855,0.3656387665198238,0.3392070484581498,0.27312775330396477,0.2026431718061674,0.19823788546255505,0.15859030837004406,0.15859030837004406,0.13656387665198239,0.07488986784140969,0.022026431718061675,0.013215859030837005,0.00881057268722467,0.004405286343612335,0.0],[0.5043333045406121,0.5053986352250152,0.5183985488468515,0.5281304886124787,0.5313984624686879,0.5378624283781059,0.5561170136189572,0.5582476749877631,0.5636463102127782,0.574299617056808,0.5731623045694049,0.5740836716478075,0.5773516455040166,0.586795658057643,0.593187642164061,0.5909849989922548,0.5951743399268665,0.5993636808614782,0.601422360427284,0.6023437275056867,0.6042584434654918,0.6051078287408943,0.6029051855690881,0.600702542397282,0.6039705162534912,0.605035846937894,0.6014799458696842,0.5979960266044744,0.5990613572888774,0.5913161152860557,0.5879041778238462,0.5777403472402176,0.5653738734847831,0.566439204169186,0.556419337191558,0.5596873110477671,0.5519420690449455,0.5309089862082865,0.5110132158590308,0.5066079295154186,0.5044052863436124,0.5022026431718062,0.5],[226,225,222,219,219,216,205,203,201,191,189,182,182,167,161,160,153,146,141,134,123,113,112,111,111,110,98,89,88,83,77,62,46,45,36,36,31,17,5,3,2,1,0],[151,150,144,139,138,134,121,119,116,106,105,100,99,86,80,80,74,68,64,59,51,44,44,44,43,42,35,30,29,28,25,18,11,10,7,6,5,2,0,0,0,0,0],[1,2,5,8,8,11,22,24,26,36,38,45,45,60,66,67,74,81,86,93,104,114,115,116,116,117,129,138,139,144,150,165,181,182,191,191,196,210,222,224,225,226,227],[2,3,9,14,15,19,32,34,37,47,48,53,54,67,73,73,79,85,89,94,102,109,109,109,110,111,118,123,124,125,128,135,142,143,146,147,148,151,153,153,153,153,153],[0.9955947136563876,0.9911894273127754,0.9779735682819384,0.9647577092511013,0.9647577092511013,0.9515418502202643,0.9030837004405287,0.8942731277533039,0.8854625550660793,0.8414096916299559,0.8325991189427313,0.801762114537445,0.801762114537445,0.73568281938326,0.7092511013215859,0.7048458149779736,0.6740088105726872,0.6431718061674009,0.6211453744493393,0.5903083700440529,0.5418502202643172,0.4977973568281938,0.4933920704845815,0.4889867841409692,0.4889867841409692,0.4845814977973568,0.43171806167400884,0.3920704845814978,0.3876651982378855,0.3656387665198238,0.3392070484581498,0.27312775330396477,0.2026431718061674,0.19823788546255505,0.15859030837004406,0.15859030837004406,0.13656387665198239,0.07488986784140969,0.022026431718061675,0.013215859030837005,0.00881057268722467,0.004405286343612335,0.0],[0.9869281045751634,0.9803921568627451,0.9411764705882353,0.9084967320261438,0.9019607843137255,0.8758169934640523,0.7908496732026143,0.7777777777777778,0.7581699346405228,0.6928104575163399,0.6862745098039216,0.6535947712418301,0.6470588235294118,0.5620915032679739,0.5228758169934641,0.5228758169934641,0.48366013071895425,0.4444444444444444,0.41830065359477125,0.38562091503267976,0.3333333333333333,0.2875816993464052,0.2875816993464052,0.2875816993464052,0.28104575163398693,0.27450980392156865,0.22875816993464052,0.19607843137254902,0.1895424836601307,0.1830065359477124,0.16339869281045752,0.11764705882352941,0.0718954248366013,0.06535947712418301,0.0457516339869281,0.0392156862745098,0.032679738562091505,0.013071895424836602,0.0,0.0,0.0,0.0,0.0],[0.004405286343612335,0.00881057268722467,0.022026431718061675,0.03524229074889868,0.03524229074889868,0.048458149779735685,0.09691629955947137,0.10572687224669604,0.1145374449339207,0.15859030837004406,0.16740088105726872,0.19823788546255505,0.19823788546255505,0.2643171806167401,0.2907488986784141,0.29515418502202645,0.32599118942731276,0.3568281938325991,0.3788546255506608,0.40969162995594716,0.4581497797356828,0.5022026431718062,0.5066079295154186,0.5110132158590308,0.5110132158590308,0.5154185022026432,0.5682819383259912,0.6079295154185022,0.6123348017621145,0.6343612334801763,0.6607929515418502,0.7268722466960352,0.7973568281938326,0.801762114537445,0.8414096916299559,0.8414096916299559,0.8634361233480177,0.9251101321585903,0.9779735682819384,0.986784140969163,0.9911894273127754,0.9955947136563876,1.0],[0.013071895424836602,0.0196078431372549,0.058823529411764705,0.0915032679738562,0.09803921568627451,0.12418300653594772,0.20915032679738563,0.2222222222222222,0.24183006535947713,0.30718954248366015,0.3137254901960784,0.3464052287581699,0.35294117647058826,0.43790849673202614,0.477124183006536,0.477124183006536,0.5163398692810458,0.5555555555555556,0.5816993464052288,0.6143790849673203,0.6666666666666666,0.7124183006535948,0.7124183006535948,0.7124183006535948,0.7189542483660131,0.7254901960784313,0.7712418300653595,0.803921568627451,0.8104575163398693,0.8169934640522876,0.8366013071895425,0.8823529411764706,0.9281045751633987,0.934640522875817,0.954248366013072,0.9607843137254902,0.9673202614379085,0.9869281045751634,1.0,1.0,1.0,1.0,1.0],[0,1,2,3,4,5,6,7,8,9,10,11,12,13,14,15,16,17,18,19,20,21,22,23,24,25,26,27,28,29,30,31,32,33,34,35,36,37,38,39,40,41,42]]},"max_criteria_and_metric_scores":{"__meta":{"schema_version":3,"schema_name":"TwoDimTableV3","schema_type":"TwoDimTable"},"name":"Maximum Metrics","description":"Maximum metrics at their respective thresholds","columns":[{"__meta":{"schema_version":-1,"schema_name":"ColumnSpecsBase","schema_type":"Iced"},"name":"metric","type":"string","format":"%s","description":"Metric"},{"__meta":{"schema_version":-1,"schema_name":"ColumnSpecsBase","schema_type":"Iced"},"name":"threshold","type":"double","format":"%f","description":"Threshold"},{"__meta":{"schema_version":-1,"schema_name":"ColumnSpecsBase","schema_type":"Iced"},"name":"value","type":"double","format":"%f","description":"Value"},{"__meta":{"schema_version":-1,"schema_name":"ColumnSpecsBase","schema_type":"Iced"},"name":"idx","type":"long","format":"%d","description":"idx"}],"rowcount":10,"data":[["max f1","max f2","max f0point5","max accuracy","max precision","max recall","max specificity","max absolute_mcc","max min_per_class_accuracy","max mean_per_class_accuracy"],[0.2528761306210835,0.1948265858597861,0.4133776382718074,0.48287952261720773,0.6461161667571278,0.191789909241765,0.6461161667571278,0.356664072948926,0.42190368650798915,0.4117407632430912],[0.5987780040733197,0.775950668036999,0.5220061412487206,0.6263157894736842,0.6666666666666666,1.0,0.9955947136563876,0.21048546382186853,0.5903083700440529,0.6051078287408943],[35,37,20,8,0,38,0,28,19,21]]},"gains_lift_table":{"__meta":{"schema_version":3,"schema_name":"TwoDimTableV3","schema_type":"TwoDimTable"},"name":"Gains/Lift Table","description":"Avg response rate: 40.26 %","columns":[{"__meta":{"schema_version":-1,"schema_name":"ColumnSpecsBase","schema_type":"Iced"},"name":"","type":"string","format":"%s","description":""},{"__meta":{"schema_version":-1,"schema_name":"ColumnSpecsBase","schema_type":"Iced"},"name":"group","type":"int","format":"%d","description":"Group"},{"__meta":{"schema_version":-1,"schema_name":"ColumnSpecsBase","schema_type":"Iced"},"name":"cumulative_data_fraction","type":"double","format":"%.8f","description":"Cumulative Data Fraction"},{"__meta":{"schema_version":-1,"schema_name":"ColumnSpecsBase","schema_type":"Iced"},"name":"lower_threshold","type":"double","format":"%5f","description":"Lower Threshold"},{"__meta":{"schema_version":-1,"schema_name":"ColumnSpecsBase","schema_type":"Iced"},"name":"lift","type":"double","format":"%5f","description":"Lift"},{"__meta":{"schema_version":-1,"schema_name":"ColumnSpecsBase","schema_type":"Iced"},"name":"cumulative_lift","type":"double","format":"%5f","description":"Cumulative Lift"},{"__meta":{"schema_version":-1,"schema_name":"ColumnSpecsBase","schema_type":"Iced"},"name":"response_rate","type":"double","format":"%5f","description":"Response Rate"},{"__meta":{"schema_version":-1,"schema_name":"ColumnSpecsBase","schema_type":"Iced"},"name":"cumulative_response_rate","type":"double","format":"%5f","description":"Cumulative Response Rate"},{"__meta":{"schema_version":-1,"schema_name":"ColumnSpecsBase","schema_type":"Iced"},"name":"capture_rate","type":"double","format":"%5f","description":"Capture Rate"},{"__meta":{"schema_version":-1,"schema_name":"ColumnSpecsBase","schema_type":"Iced"},"name":"cumulative_capture_rate","type":"double","format":"%5f","description":"Cumulative Capture Rate"},{"__meta":{"schema_version":-1,"schema_name":"ColumnSpecsBase","schema_type":"Iced"},"name":"gain","type":"double","format":"%5f","description":"Gain"},{"__meta":{"schema_version":-1,"schema_name":"ColumnSpecsBase","schema_type":"Iced"},"name":"cumulative_gain","type":"double","format":"%5f","description":"Cumulative Gain"}],"rowcount":14,"data":[["","","","","","","","","","","","","",""],[1,2,3,4,5,6,7,8,9,10,11,12,13,14],[0.013157894736842105,0.03684210526315789,0.05789473684210526,0.14210526315789473,0.15263157894736842,0.21842105263157896,0.33421052631578946,0.4026315789473684,0.5421052631578948,0.6,0.7078947368421052,0.85,0.9052631578947369,1.0],[0.6428366926885483,0.6134933909078587,0.5854988729599645,0.5253591490993434,0.4980613941861086,0.4771983698939636,0.4648612244214572,0.45192893924790295,0.4133776653349539,0.3756415016218928,0.33653164107102196,0.3116292054035573,0.21427982793067962,0.13388220966413225],[1.4901960784313726,1.6557734204793029,1.5522875816993464,1.397058823529412,1.2418300653594772,1.2915032679738563,1.1289364230540702,1.1463046757164406,1.0778147737082255,1.0160427807486632,0.8480790690259845,0.7818930041152264,0.7096171802054155,0.3449527959331881],[1.4901960784313726,1.5966386554621852,1.5805109922756981,1.4717985959816025,1.4559386973180077,1.406409953539649,1.3102773917966135,1.2824127472339701,1.2297734627831716,1.2091503267973858,1.1541171611147558,1.0918877354863514,1.0685514515883874,1.0],[0.6,0.6666666666666666,0.625,0.5625,0.5,0.52,0.45454545454545453,0.46153846153846156,0.4339622641509434,0.4090909090909091,0.34146341463414637,0.3148148148148148,0.2857142857142857,0.1388888888888889],[0.6,0.6428571428571429,0.6363636363636364,0.5925925925925926,0.5862068965517241,0.5662650602409639,0.5275590551181102,0.5163398692810458,0.49514563106796117,0.4868421052631579,0.4646840148698885,0.43962848297213625,0.43023255813953487,0.4026315789473684],[0.0196078431372549,0.0392156862745098,0.032679738562091505,0.11764705882352941,0.013071895424836602,0.08496732026143791,0.13071895424836602,0.0784313725490196,0.1503267973856209,0.058823529411764705,0.0915032679738562,0.1111111111111111,0.0392156862745098,0.032679738562091505],[0.0196078431372549,0.058823529411764705,0.0915032679738562,0.20915032679738563,0.2222222222222222,0.30718954248366015,0.43790849673202614,0.5163398692810458,0.6666666666666666,0.7254901960784313,0.8169934640522876,0.9281045751633987,0.9673202614379085,1.0],[49.01960784313726,65.57734204793029,55.22875816993464,39.70588235294119,24.183006535947715,29.150326797385627,12.893642305407017,14.630467571644058,7.781477370822554,1.6042780748663166,-15.19209309740155,-21.810699588477355,-29.038281979458446,-65.50472040668119],[49.01960784313726,59.66386554621852,58.051099227569814,47.17985959816025,45.59386973180077,40.640995353964904,31.027739179661353,28.241274723397012,22.977346278317157,20.915032679738577,15.411716111475581,9.188773548635144,6.855145158838738,0.0]]}},"validation_metrics":null,"cross_validation_metrics":null,"cross_validation_metrics_summary":null,"status":null,"start_time":1490806238136,"end_time":1490806238525,"run_time":389,"help":{"validation_metrics":"Validation data model metrics", "cross_validation_metrics_summary":"Cross-validation model metrics summary", "run_time":"Runtime in milliseconds", "status":"Job status", "domains":"Domains for categorical columns", "model_category":"Category of the model (e.g., Binomial)", "__meta":"Metadata on this schema instance, to make it self-describing.", "variable_importances":"Variable Importances", "model_summary":"Model summary", "scoring_history":"Scoring history", "help":"Help information for output fields", "end_time":"End time in milliseconds", "names":"Column names", "cross_validation_fold_assignment_frame_id":"Cross-validation fold assignment (each row is assigned to one holdout fold)", "start_time":"Start time in milliseconds", "training_metrics":"Training data model metrics", "cross_validation_models":"Cross-validation models (model ids)", "cross_validation_metrics":"Cross-validation model metrics", "cross_validation_predictions":"Cross-validation predictions, one per cv model (deprecated, use cross_validation_holdout_predictions_frame_id instead)", "init_f":"The Intercept term, the initial model function value to which trees make adjustments", "cross_validation_holdout_predictions_frame_id":"Cross-validation holdout predictions (full out-of-sample predictions on training data)"},"variable_importances":{"__meta":{"schema_version":3,"schema_name":"TwoDimTableV3","schema_type":"TwoDimTable"},"name":"Variable Importances","description":"","columns":[{"__meta":{"schema_version":-1,"schema_name":"ColumnSpecsBase","schema_type":"Iced"},"name":"variable","type":"string","format":"%s","description":"Variable"},{"__meta":{"schema_version":-1,"schema_name":"ColumnSpecsBase","schema_type":"Iced"},"name":"relative_importance","type":"double","format":"%5f","description":"Relative Importance"},{"__meta":{"schema_version":-1,"schema_name":"ColumnSpecsBase","schema_type":"Iced"},"name":"scaled_importance","type":"double","format":"%5f","description":"Scaled Importance"},{"__meta":{"schema_version":-1,"schema_name":"ColumnSpecsBase","schema_type":"Iced"},"name":"percentage","type":"double","format":"%5f","description":"Percentage"}],"rowcount":2,"data":[["AGE","RACE"],[27.898284912109375,3.834855079650879],[1.0,0.13745845279493663],[0.8791529901974205,0.1208470098025795]]},"init_f":-0.3945120960889672},"compatible_frames":null}
