Label,Has4Legs,CoatColor,HairLength,TailLength,EnjoysPlay,StaresOutWindow,HoursSpentNapping,RespondsToCommands,EasilyFrightened,Age,Noise1,Noise2,Noise3,Noise4,Noise5
dog,1,Brown,0,2,1,1,2,1,0,4,0.852352329,0.229839221,0.576096264,0.010555806,0.470826978
dog,1,Brown,1,1,1,1,5,0,0,16,0.928460992,0.986185657,0.553872474,0.93276437,0.435074318
dog,1,Grey,1,10,1,1,2,1,0,5,0.658247262,0.379703617,0.767817151,0.840509128,0.53885298
dog,1,Grey,1,1,1,1,2,1,1,2,0.210346512,0.912498287,0.75737188,0.915149037,0.273935175
dog,1,Brown,1,5,1,0,10,1,0,20,0.770219849,0.999768517,0.482816896,0.904691722,0.232283475
cat,1,Grey,1,6,1,1,3,0,1,10,0.499049367,0.690937616,0.005806817,0.516113663,0.161103375
dog,1,Spotted,1,1,1,1,2,1,1,17,0.980622073,0.193929806,0.505002412,0.848579461,0.750856032
cat,1,Spotted,1,7,0,1,5,0,1,9,0.298585452,0.425832541,0.816698057,0.024692776,0.692579889
dog,1,Grey,1,1,1,1,2,1,1,3,0.724013194,0.12088341,0.75446791,0.436632413,0.059261279
cat,1,Black,0,7,0,1,5,0,1,5,0.849093643,0.096194577,0.58808067,0.047877108,0.211781786
dog,1,Grey,1,1,1,0,2,0,1,1,0.362678906,0.547759563,0.522148487,0.903857592,0.496479033
dog,1,Spotted,0,1,1,1,2,1,0,3,0.745238043,0.018144643,0.3344485,0.550831729,0.625747208
dog,1,Spotted,1,4,1,1,2,1,0,20,0.69328519,0.695265761,0.386858201,0.235119539,0.401590928
cat,1,Spotted,1,8,1,1,3,0,0,3,0.695167714,0.816923094,0.530564709,0.081766308,0.277844902
cat,1,White,1,8,0,1,5,0,0,3,0.023724964,0.867370988,0.855278167,0.284646768,0.566314384
cat,1,Black,1,5,1,1,2,0,1,16,0.281967194,0.798100407,0.306403951,0.681048742,0.237810889
cat,1,Grey,1,7,1,1,3,1,1,16,0.178538457,0.566589536,0.297640548,0.634627313,0.67724293
cat,1,Spotted,1,8,0,0,10,0,1,3,0.219212393,0.482533045,0.739678716,0.132942436,0.10068495
dog,1,Brown,0,3,1,1,2,1,1,3,0.428913594,0.046378355,0.444291576,0.819790699,0.840236051
cat,1,Black,1,3,1,1,5,1,1,15,0.478174368,0.927047154,0.862678736,0.31731517,0.96828699
dog,1,Spotted,0,4,1,1,2,1,0,19,0.973584741,0.290698144,0.082178843,0.709265719,0.135047352
cat,1,White,1,6,1,1,5,0,0,3,0.350983607,0.585257492,0.438537526,0.624077868,0.33449078
cat,1,Brown,1,8,1,1,8,0,0,16,0.853709239,0.897929314,0.026154435,0.151278286,0.658198116
cat,1,White,1,6,1,1,5,1,1,19,0.787248494,0.840622243,0.95683272,0.319582504,0.152900902
cat,1,Brown,1,5,1,1,3,1,1,16,0.767815645,0.082364358,0.263350769,0.070602083,0.191182821
cat,1,Grey,1,7,1,1,5,0,1,17,0.403378843,0.587582229,0.8378003,0.268452571,0.23641938
cat,1,White,0,7,0,1,5,1,1,9,0.271457765,0.260317379,0.818133063,0.684273159,0.177152926
cat,1,Black,1,10,1,1,3,1,0,15,0.75657363,0.970234035,0.617135701,0.434742291,0.455370649
dog,1,Grey,0,1,1,1,2,0,1,1,0.772348884,0.949383679,0.616250198,0.025376218,0.260799378
dog,1,Brown,0,2,1,1,2,1,1,19,0.606729291,0.798327996,0.557238348,0.950980181,0.627917303
dog,1,Spotted,0,2,1,1,2,1,1,7,0.079765169,0.059837888,0.331044983,0.713130316,0.939028403
dog,1,Brown,1,5,1,0,2,1,0,9,0.569759465,0.064279128,0.703398287,0.354685375,0.820800501
dog,1,Grey,0,3,1,1,2,1,1,1,0.17458445,0.354798415,0.352874236,0.347321205,0.039363063
cat,1,Spotted,1,6,1,1,3,0,1,18,0.139354046,0.344096577,0.508217721,0.613649409,0.397772891
dog,1,Grey,1,5,1,1,3,1,0,20,0.184394079,0.540650694,0.624088968,0.467059985,0.039732034
dog,1,Grey,0,4,1,0,2,1,0,3,0.745759436,0.07323814,0.047919442,0.333492263,0.182335466
dog,0,Brown,0,3,1,1,2,1,0,5,0.629921922,0.462936344,0.319816049,0.03490262,0.999118178
cat,1,White,1,6,0,1,5,1,0,17,0.56273499,0.380841948,0.97155545,0.356716776,0.604706295
dog,1,White,1,3,1,1,2,1,1,18,0.94843687,0.998158566,0.982549865,0.377151417,0.582222249
dog,1,White,0,1,1,1,2,1,1,19,0.241765116,0.951063722,0.936622118,0.9513531,0.126125072
dog,1,Grey,0,1,1,1,2,1,1,1,0.107718114,0.09155163,0.248612541,0.138632812,0.582754712
cat,1,Black,1,8,0,1,8,1,1,15,0.201698019,0.538617014,0.142660079,0.795776963,0.0669185
dog,1,Brown,1,1,1,1,2,1,1,14,0.208410492,0.330422303,0.128306797,0.618981584,0.820496295
dog,1,White,1,1,1,1,5,1,1,6,0.908340366,0.386942718,0.112594238,0.417019497,0.687979906
dog,1,Brown,1,3,1,1,2,1,0,17,0.146032892,0.186025528,0.245973421,0.165523392,0.261806016
cat,1,Grey,1,7,1,1,5,0,1,13,0.380498817,0.473167559,0.409160329,0.767597016,0.074031806
dog,1,White,0,5,1,1,2,1,0,19,0.834107745,0.167242014,0.19961269,0.49306966,0.479743791
dog,1,Brown,1,4,1,1,2,1,1,19,0.39547099,0.020950995,0.652523811,0.334841664,0.906408681
cat,1,White,1,7,1,1,5,0,1,9,0.349544781,0.756500824,0.006393963,0.75891707,0.041631593
cat,1,Grey,0,7,0,1,5,0,1,20,0.09665378,0.373949464,0.420843823,0.214819901,0.839314356
dog,1,Brown,0,5,1,1,2,1,1,8,0.756250625,0.067351557,0.302743522,0.197646946,0.416433643
dog,1,Spotted,0,2,1,1,2,1,1,20,0.085122532,0.228704977,0.874769029,0.932606498,0.892441204
cat,1,White,1,6,0,1,8,0,1,3,0.733937048,0.19801107,0.680023711,0.430594647,0.492364425
dog,1,Brown,0,8,1,1,2,1,0,17,0.248948494,0.539167188,0.051024593,0.134622354,0.717314445
cat,1,White,1,7,1,1,5,0,1,1,0.31757262,0.897563344,0.59483106,0.170196008,0.460759606
dog,1,Grey,0,1,1,0,2,1,0,20,0.475015605,0.996802707,0.669375891,0.992493112,0.268317451
cat,1,Black,1,7,1,1,3,0,1,20,0.231435805,0.699896914,0.188469325,0.107184629,0.91183469
dog,1,Spotted,0,1,1,1,2,1,0,9,0.775236168,0.832635756,0.907317203,0.111136805,0.613200587
dog,1,Brown,1,1,1,1,2,0,1,15,0.511795257,0.739025275,0.218960886,0.144274991,0.324395461
dog,1,White,0,1,0,1,2,1,1,4,0.446316974,0.436678576,0.430299842,0.433262823,0.819813309
cat,1,White,1,8,0,1,3,0,1,18,0.009367694,0.410745712,0.129404314,0.752180632,0.029164562
dog,1,Grey,0,1,1,1,8,0,1,5,0.237979477,0.72392857,0.784311737,0.59339789,0.943194058
dog,1,Spotted,0,3,1,1,2,1,0,1,0.624106996,0.925969363,0.640783246,0.197390457,0.588953447
dog,1,Spotted,0,1,1,1,8,1,0,9,0.353896696,0.423604303,0.211944051,0.277357304,0.560804856
cat,1,White,1,7,1,1,3,1,1,18,0.089000044,0.793090516,0.890296409,0.346945753,0.452566514
dog,1,Black,1,5,1,1,2,1,1,5,0.935047788,0.483632618,0.642047359,0.464086767,0.648975935
dog,1,Brown,0,2,1,0,2,1,0,19,0.19571264,0.233123912,0.009598962,0.532453407,0.760465946
cat,1,Grey,1,4,1,1,3,0,0,1,0.885036936,0.829701457,0.34152145,0.211195734,0.383733024
dog,1,Spotted,1,1,1,1,3,1,1,1,0.624120771,0.517134878,0.426507083,0.068244837,0.563884888
cat,1,White,1,7,1,1,5,0,1,16,0.751985116,0.327351638,0.126500189,0.619194409,0.76695409
dog,1,White,0,2,1,0,2,1,1,11,0.287256896,0.404746086,0.42007923,0.799089663,0.00518876
cat,1,White,0,10,0,1,8,1,1,18,0.859905463,0.594059681,0.905856753,0.447435682,0.572023307
cat,1,Grey,0,5,1,1,8,1,1,6,0.838627991,0.963585185,0.459169686,0.691694148,0.060314301
cat,1,Spotted,1,8,1,0,5,0,1,2,0.0885645,0.003398639,0.57838234,0.486954535,0.638083108
dog,1,Brown,0,5,1,1,2,1,0,11,0.757154473,0.25082996,0.117772059,0.859067633,0.627985916
dog,1,Spotted,1,2,1,1,2,1,0,1,0.747302989,0.984072801,0.923106308,0.206337365,0.157679174
dog,1,Spotted,0,10,1,1,2,1,0,3,0.9065104,0.552377266,0.920477362,0.050842125,0.638512066
dog,1,Spotted,0,10,1,1,2,1,0,17,0.021819688,0.127751589,0.033877655,0.926925313,0.709520887
cat,1,Spotted,1,6,1,1,3,0,1,11,0.975339802,0.329751362,0.72849701,0.397561466,0.423505637
dog,1,White,1,3,1,1,2,1,1,17,0.459170802,0.506651983,0.846733723,0.319714344,0.765233135
dog,1,Spotted,1,10,1,1,2,0,1,20,0.259069068,0.54849914,0.21827826,0.368914928,0.508821224
dog,1,Grey,1,2,1,1,3,1,1,18,0.712551138,0.658173165,0.393527732,0.441233194,0.723035595
dog,1,Brown,1,8,1,1,2,1,0,6,0.649278571,0.840885797,0.272784972,0.916959879,0.86600516
dog,1,Brown,0,1,1,1,2,1,0,17,0.096355065,0.909768193,0.47571749,0.221149544,0.869263387
dog,1,Brown,0,10,1,1,2,1,1,3,0.457615821,0.495320207,0.733709832,0.120027288,0.975526125
dog,1,Grey,0,10,1,1,2,1,1,19,0.011840808,0.903320757,0.343221324,0.171939948,0.259202561
dog,1,Brown,1,1,1,1,8,1,0,16,0.598252957,0.413629468,0.616896322,0.517566299,0.54605617
dog,1,Brown,0,2,0,1,2,1,1,20,0.481354936,0.362485676,0.858266359,0.066656438,0.074865866
dog,1,Spotted,0,3,0,1,2,1,1,18,0.598586745,0.089751502,0.589541787,0.911781473,0.519861055
dog,1,Grey,0,3,1,1,3,1,1,11,0.022165706,0.989694591,0.767420816,0.394988971,0.535915223
cat,1,White,0,6,0,1,5,0,1,4,0.487839491,0.692472647,0.182597167,0.393912953,0.843704703
dog,1,Spotted,1,2,1,1,2,1,1,10,0.255258648,0.674676065,0.952867658,0.934061973,0.448693293
dog,1,Grey,0,3,1,1,2,1,1,18,0.762904838,0.240673233,0.056614736,0.406548992,0.937999455
cat,1,Grey,1,7,1,1,3,1,1,9,0.301423866,0.087399294,0.628491257,0.241131202,0.174869468
dog,1,White,1,1,1,1,3,1,1,9,0.012496541,0.047370588,0.537648239,0.995254459,0.864469478
dog,1,Grey,0,2,1,1,2,1,1,1,0.228728183,0.350547106,0.019291584,0.987342763,0.531521909
cat,1,Grey,1,5,0,1,3,0,1,18,0.163809824,0.902331825,0.47289651,0.525474282,0.330315677
dog,1,Grey,0,5,1,1,2,0,1,19,0.607158844,0.001637774,0.341467488,0.094575817,0.009485692
dog,1,Spotted,1,1,1,1,2,1,0,16,0.533406804,0.291920822,0.218738801,0.214552681,0.751551457
dog,1,Spotted,1,1,1,1,2,1,0,20,0.710346144,0.128292796,0.869995169,0.908172467,0.175486411
dog,1,Brown,0,1,1,1,2,1,0,7,0.894617352,0.453524149,0.381544664,0.289999695,0.789379358
dog,1,Grey,0,4,1,0,2,1,0,19,0.653979903,0.385223005,0.095471367,0.910896968,0.990809666
dog,1,Brown,1,4,1,1,2,1,1,18,0.056290324,0.72862813,0.698606499,0.528481819,0.136213541
dog,1,Grey,1,5,1,1,2,1,1,19,0.793707592,0.977593321,0.88751584,0.814713551,0.816658847
dog,1,Brown,1,5,1,1,2,1,0,20,0.706246122,0.201936803,0.232496864,0.016999311,0.256415145
cat,1,Grey,1,7,0,1,5,0,1,2,0.586892731,0.916125349,0.946168375,0.820862072,0.437696759
dog,1,Brown,1,3,1,1,2,1,0,14,0.837878729,0.300557562,0.874846826,0.735010666,0.563027645
dog,1,White,1,4,1,1,2,1,1,16,0.622506158,0.031320414,0.316698847,0.274182315,0.265312392
dog,1,Spotted,1,5,1,1,2,1,1,5,0.356371248,0.521201452,0.491501219,0.499687318,0.954402047
dog,1,White,0,5,1,1,2,0,1,9,0.388377442,0.555858176,0.304892221,0.57131323,0.703515501
dog,1,Grey,0,3,1,1,2,1,1,3,0.453694756,0.484416622,0.326722758,0.050034,0.524229215
dog,1,Brown,0,4,1,1,2,1,0,18,0.80281828,0.430703539,0.090258469,0.373483757,0.761363401
dog,1,Grey,1,2,1,1,2,1,1,13,0.702998594,0.835518654,0.644806912,0.674487652,0.35441151
dog,1,Spotted,1,3,1,0,2,1,1,2,0.355241768,0.370410835,0.569257878,0.350823195,0.964524993
dog,1,Brown,1,1,1,0,2,0,1,5,0.578312176,0.017324743,0.564733573,0.649753327,0.593695431
dog,1,Grey,0,2,1,1,2,1,1,19,0.22133508,0.901396123,0.722153645,0.74726411,0.293916309
cat,1,Spotted,1,7,0,1,10,0,1,6,0.052288817,0.621996675,0.105837845,0.211840371,0.765191749
dog,1,Spotted,0,9,1,1,2,1,0,19,0.09767739,0.034540334,0.851383744,0.287598339,0.528748315
dog,1,Brown,1,2,1,1,2,1,1,6,0.756883358,0.258262822,0.35642443,0.950801978,0.985722949
dog,1,White,0,2,1,1,2,1,0,16,0.990781936,0.711291714,0.131073349,0.391524519,0.679823394
dog,1,Brown,0,2,1,0,2,1,0,19,0.24828249,0.670482775,0.672112494,0.180553314,0.41667779
cat,1,Grey,1,6,1,1,5,0,1,1,0.386430333,0.760261728,0.54387602,0.533520663,0.382079295
cat,1,Spotted,1,7,1,0,8,1,1,1,0.737643904,0.587921913,0.007083313,0.167177253,0.879659215
dog,1,Brown,1,2,1,1,2,1,0,16,0.84601441,0.811626473,0.419175028,0.328259827,0.012063557
cat,1,Grey,1,6,1,0,5,1,0,7,0.884141125,0.158869122,0.738173089,0.835421599,0.521410395
cat,1,Grey,1,6,1,1,8,0,1,2,0.339547287,0.054515002,0.594765654,0.557923251,0.930335
dog,1,Spotted,1,1,1,1,2,1,1,20,0.461997587,0.989053706,0.115445525,0.908089643,0.519287911
cat,1,Spotted,1,3,1,1,10,0,1,5,0.544279283,0.519960202,0.040074816,0.897470863,0.32947814
dog,1,Brown,1,5,1,1,2,1,1,18,0.205065293,0.623604157,0.34437788,0.246337392,0.680045025
dog,1,White,1,2,1,1,2,1,1,13,0.103954008,0.842012914,0.955949885,0.762207671,0.652718763
cat,1,Grey,1,9,1,1,5,1,1,8,0.754999812,0.985341124,0.504583296,0.305186389,0.678358644
dog,1,Brown,1,2,1,1,2,1,0,18,0.503495506,0.964115742,0.396711959,0.14798781,0.185136082
dog,0,Grey,1,10,1,1,2,1,1,9,0.018456527,0.34419222,0.37396985,0.786174603,0.08566028
dog,1,White,1,5,1,0,2,1,0,1,0.604311489,0.467705071,0.458886841,0.575239396,0.0288349
dog,1,Brown,0,3,1,1,2,1,0,17,0.99866805,0.51715691,0.985044664,0.843270584,0.451254841
dog,1,Brown,0,4,1,1,2,1,0,16,0.551334062,0.862643994,0.708340842,0.933667165,0.8044423
dog,1,White,0,1,1,0,2,1,1,16,0.506790513,0.497309988,0.576321856,0.252897762,0.640499807
dog,1,White,0,3,1,1,2,1,1,20,0.199052586,0.580893726,0.094178225,0.454266406,0.540575047
dog,1,Grey,1,4,1,1,3,0,1,2,0.813772325,0.853899649,0.192306412,0.319143467,0.510740492
cat,1,White,1,9,1,1,3,0,1,11,0.669731815,0.895892218,0.529276151,0.211215837,0.276496018
cat,1,Black,1,6,0,1,5,0,1,3,0.853128725,0.828661998,0.653928679,0.510340906,0.445055105
cat,1,White,1,6,1,1,5,1,1,20,0.049167343,0.518364364,0.93840723,0.884098481,0.412882278
dog,1,Spotted,0,1,1,1,2,1,1,20,0.129319934,0.890901368,0.485578236,0.940219009,0.563313161
dog,1,Grey,0,1,1,0,2,1,1,1,0.213860988,0.227403352,0.751804636,0.484937829,0.934038214
cat,1,Spotted,1,7,0,1,3,1,1,14,0.099930774,0.673282435,0.053344054,0.579169475,0.430998123
dog,1,Spotted,0,1,1,0,2,1,0,18,0.023979519,0.422537854,0.086177555,0.586695113,0.338604921
cat,1,Grey,1,6,0,1,10,1,1,7,0.05459793,0.857481649,0.165758684,0.624395489,0.045068473
cat,1,Spotted,1,7,0,1,5,0,1,18,0.732695297,0.832202478,0.430046371,0.76314735,0.737867622
dog,1,Black,1,4,1,1,2,1,1,3,0.871965969,0.953252673,0.77189875,0.076248863,0.603639742
dog,1,White,1,2,1,1,2,1,1,18,0.071982942,0.062672206,0.752598786,0.595164177,0.126276874
cat,1,Black,1,8,1,1,5,1,1,20,0.429534781,0.169178069,0.947744975,0.602878382,0.778220704
dog,1,Brown,1,3,1,1,2,1,0,17,0.576366255,0.71676508,0.471131628,0.919950131,0.144990896
dog,1,Brown,1,3,1,1,8,1,0,7,0.370559553,0.865381206,0.466441856,0.537928024,0.853599685
cat,1,Brown,1,7,1,0,5,0,1,18,0.292880411,0.300474669,0.297611186,0.634637202,0.133636022
dog,1,Brown,0,4,1,1,2,0,0,7,0.745272817,0.035300656,0.253135118,0.552012306,0.123999439
cat,1,Spotted,1,6,0,1,5,0,1,4,0.529747277,0.039238238,0.822013468,0.23619449,0.242800169
dog,1,Grey,0,4,1,1,2,1,1,2,0.217346507,0.072427395,0.153855147,0.204631501,0.086215123
dog,1,Brown,0,1,1,1,2,1,1,16,0.698746776,0.203629714,0.246463226,0.48750446,0.379068094
dog,1,Spotted,0,3,1,1,2,1,0,5,0.372043533,0.847947505,0.15935424,0.536678626,0.481346576
cat,1,White,1,7,0,1,10,0,1,19,0.881179823,0.709563253,0.935989157,0.95026223,0.753316615
cat,1,White,1,8,0,1,5,0,1,3,0.897585821,0.132146965,0.77369209,0.516588541,0.554587641
cat,1,Black,1,4,1,1,10,0,1,5,0.16422813,0.728538749,0.047048333,0.558111121,0.126824108
cat,1,White,1,8,1,1,3,0,1,10,0.695654586,0.888142468,0.510704971,0.283208163,0.104440716
dog,1,White,0,2,1,1,2,1,1,9,0.836214007,0.249853797,0.758933985,0.672291279,0.560989124
cat,1,White,1,7,1,1,10,0,1,14,0.033023619,0.905435925,0.829404835,0.607606647,0.226083113
dog,1,Grey,0,2,1,1,2,1,1,16,0.739591379,0.61615997,0.142489395,0.589363483,0.399133291
dog,1,Grey,0,5,1,0,2,1,1,4,0.521702657,0.73623696,0.209726508,0.14674891,0.883523337
dog,1,Spotted,0,1,1,1,2,1,1,8,0.436892112,0.027792574,0.428649686,0.166638155,0.010626646
dog,1,White,0,5,1,0,2,1,1,10,0.492515441,0.848335058,0.953841377,0.923054358,0.266507141
dog,1,Brown,1,3,1,1,2,1,0,13,0.975104949,0.647495633,0.505595561,0.794151067,0.108689741
dog,1,White,0,3,0,0,2,1,1,1,0.563630821,0.689591016,0.995006986,0.490448647,0.98522932
dog,1,White,1,5,1,1,8,1,0,20,0.507763891,0.654962292,0.395272369,0.819919289,0.823182301
dog,1,Spotted,0,1,1,1,2,1,1,3,0.624481089,0.702823324,0.781730249,0.81404926,0.107414383
dog,1,Grey,1,4,1,1,2,1,1,1,0.706184245,0.129435858,0.823568342,0.31292392,0.824541632
dog,1,Spotted,0,4,1,1,2,1,1,18,0.836831593,0.710041084,0.653582544,0.077006481,0.794868545
cat,1,Grey,1,9,1,1,3,0,1,1,0.940598013,0.53712975,0.307860063,0.007211774,0.332408804
dog,1,Spotted,0,1,1,1,2,1,0,17,0.618108165,0.436902026,0.516576705,0.393797823,0.600888252
dog,1,Grey,0,1,1,1,2,1,0,2,0.939559398,0.70715555,0.170040747,0.528833895,0.35120065
dog,1,Brown,0,10,1,1,2,0,0,19,0.3439325,0.289470023,0.546076386,0.26260413,0.33737465
dog,1,Grey,0,1,1,1,2,1,1,19,0.260162327,0.768060449,0.615379892,0.759525506,0.394448775
cat,1,White,1,7,1,1,10,0,1,3,0.228830665,0.196178323,0.0378927,0.705739943,0.755639968
dog,1,Brown,0,2,1,1,2,1,0,17,0.933104305,0.221624162,0.149692088,0.011337498,0.759285861
dog,1,Spotted,1,2,1,1,2,1,0,17,0.668180314,0.377661327,0.387165297,0.482693928,0.136951245
cat,1,Spotted,1,3,0,1,10,0,0,1,0.315036153,0.389772592,0.685352993,0.269059577,0.434833335
dog,1,White,0,4,1,1,2,1,1,5,0.476234871,0.644848173,0.468480755,0.111545542,0.637968922
cat,1,Black,1,6,1,1,5,0,1,16,0.778547671,0.532917297,0.819257395,0.593902968,0.366979321
cat,1,White,1,4,1,1,10,0,1,16,0.579405671,0.833224215,0.782292322,0.003281356,0.877506217
cat,1,Black,1,7,0,1,5,0,0,2,0.198247367,0.7821209,0.739087414,0.219987579,0.978586595
cat,1,Grey,1,6,1,1,5,0,0,16,0.478906305,0.254750451,0.020494631,0.037214631,0.137186859
dog,1,White,1,8,1,1,2,1,0,18,0.197359574,0.87580234,0.32040487,0.253201839,0.150295645
cat,1,Black,1,6,0,1,5,0,1,11,0.240350432,0.791487459,0.016836863,0.525622709,0.504631262
dog,1,Brown,0,2,1,1,2,1,1,17,0.974737912,0.530911808,0.315312425,0.197915141,0.881338405
dog,1,Brown,1,2,1,1,2,1,1,6,0.290065164,0.76295628,0.611449584,0.884858932,0.433651742
dog,1,White,0,3,1,0,2,1,0,4,0.227461558,0.163701867,0.728359056,0.575441466,0.757335417
dog,1,Grey,1,2,1,1,2,1,1,2,0.231546249,0.611002558,0.999231849,0.201256746,0.916283369
dog,1,Grey,0,1,0,1,2,1,0,10,0.027084721,0.175054284,0.404578415,0.537937226,0.74313638
cat,1,Grey,1,8,1,1,10,1,1,5,0.637697152,0.1014288,0.113874331,0.604886272,0.452581752
dog,1,Spotted,0,7,0,1,2,1,1,11,0.810022913,0.945882148,0.407980283,0.330933738,0.70844181
dog,1,Brown,0,3,1,1,2,1,1,8,0.077699645,0.613241738,0.909918284,0.497187023,0.295335158
cat,1,Grey,1,6,1,1,5,0,1,16,0.869871068,0.116974151,0.649571458,0.118112167,0.728976923
dog,1,Spotted,1,5,1,1,2,1,1,6,0.429692795,0.243335455,0.660030786,0.954009868,0.819478298
dog,1,Brown,0,1,1,1,2,1,0,15,0.420234687,0.392316081,0.831523923,0.971284101,0.576429161
cat,1,Black,1,7,0,1,5,0,1,10,0.222268655,0.687439704,0.922768014,0.178018595,0.956365224
dog,1,Brown,0,3,1,1,2,0,1,19,0.771016331,0.971265416,0.350359801,0.32276572,0.37274224
dog,1,Spotted,1,1,1,1,2,1,1,3,0.372650508,0.252788208,0.884439766,0.767807899,0.820748853
cat,1,White,1,3,1,1,3,0,1,20,0.743837489,0.092749987,0.758922768,0.432374398,0.080380851
dog,1,Brown,1,10,1,1,2,1,1,4,0.706270806,0.952050829,0.981584883,0.151983147,0.4704877
dog,1,Brown,0,1,1,1,2,1,0,16,0.347321027,0.179976359,0.757004712,0.876116176,0.154129444
cat,1,Grey,1,9,1,1,5,0,1,20,0.279281824,0.423194575,0.654130964,0.285106996,0.305108059
dog,1,White,0,1,1,1,2,1,1,14,0.865505881,0.297008224,0.512619116,0.228858711,0.046115366
dog,1,White,0,3,1,1,2,1,1,5,0.278698493,0.314592152,0.686483131,0.386775134,0.354803057
dog,1,Grey,0,4,1,0,2,1,0,18,0.826183229,0.140039045,0.785551217,0.383634863,0.60058012
dog,1,Brown,1,1,1,1,2,0,0,16,0.313570324,0.911678192,0.614199828,0.77481848,0.876899732
cat,1,Spotted,0,7,0,1,8,0,1,2,0.269192285,0.898926002,0.965706181,0.813206292,0.421126728
cat,1,White,1,6,1,1,3,0,1,20,0.985875646,0.541479118,0.569487369,0.977277397,0.774207404
dog,1,Grey,1,2,1,1,2,1,0,10,0.585604962,0.102157211,0.923584115,0.963481026,0.090160759
dog,1,Brown,1,1,1,0,2,0,1,1,0.759690997,0.682320909,0.927803685,0.505078659,0.631928753
dog,1,Brown,1,3,1,1,2,1,1,20,0.695742631,0.92986712,0.36555754,0.463022029,0.059883371
dog,1,White,0,1,1,1,2,1,0,1,0.906826758,0.39852821,0.46819139,0.254232917,0.338802993
cat,1,Black,1,7,0,1,5,1,1,6,0.283582802,0.549467998,0.606721359,0.979800326,0.802887781
cat,1,Black,1,6,0,1,5,1,1,5,0.935925232,0.784160906,0.251679816,0.520105229,0.969920563
dog,1,Brown,0,8,1,1,2,1,1,17,0.572815164,0.423005239,0.315751398,0.992345349,0.022710659
dog,1,Grey,1,8,1,1,2,0,1,20,0.630043537,0.626642914,0.03531159,0.19834781,0.401809841
dog,1,Grey,1,2,1,1,2,1,1,1,0.319058745,0.798103495,0.923876901,0.962815082,0.123986782
dog,1,Brown,0,1,1,0,2,1,1,9,0.855638997,0.980728254,0.180836095,0.272362726,0.770121432
cat,1,Black,1,7,1,1,5,0,1,14,0.632822862,0.316032707,0.96793758,0.196422838,0.096774202
dog,1,Brown,0,1,1,1,2,1,1,7,0.794197287,0.014762989,0.873388212,0.908366931,0.422099304
dog,1,White,0,5,1,1,2,1,1,4,0.295284497,0.723882313,0.352486827,0.44256554,0.247565749
dog,1,Brown,0,10,0,0,2,1,1,2,0.752529799,0.367002348,0.057720077,0.53350904,0.320556147
cat,1,Grey,1,8,1,1,5,0,1,1,0.187158487,0.833925429,0.293789752,0.436175986,0.500345194
cat,1,Black,1,6,0,1,5,0,1,6,0.28918702,0.432217951,0.054499739,0.895947816,0.452445999
dog,1,Brown,1,1,1,1,2,1,0,4,0.867083587,0.410505541,0.228627369,0.510005145,0.621922194
dog,1,Brown,0,5,1,1,2,1,1,2,0.912834789,0.976801699,0.019947974,0.920656873,0.947862058
dog,1,Spotted,0,3,1,1,2,1,1,2,0.016166028,0.423795706,0.707998709,0.851579346,0.119075966
dog,1,Brown,0,2,1,1,2,1,1,19,0.559424391,0.49637261,0.029639374,0.009850991,0.187872252
dog,1,Grey,1,5,1,0,2,1,1,1,0.649457215,0.125828695,0.280112197,0.639815663,0.008703659
dog,1,Black,1,3,1,1,2,1,1,20,0.488786467,0.344392883,0.505933151,0.9378859,0.150512117
dog,0,White,1,1,1,0,3,1,0,18,0.945683553,0.82187155,0.567845332,0.864503868,0.482193542
cat,1,Black,1,6,1,1,5,0,1,18,0.037961756,0.791325124,0.266491324,0.525998356,0.762264828
dog,1,Brown,1,1,1,1,2,1,0,17,0.043328731,0.777484331,0.445468233,0.538187582,0.259454178
dog,1,White,0,8,1,1,2,1,1,1,0.546629652,0.371904109,0.256774045,0.813517024,0.982433974
dog,1,Spotted,0,9,1,1,2,1,1,10,0.459188446,0.32835714,0.810401816,0.1049,0.779406947
dog,1,Brown,1,1,1,1,2,1,1,17,0.968822327,0.962157035,0.359717095,0.202459455,0.225718148
cat,1,White,1,8,1,0,3,0,1,5,0.914934715,0.862761318,0.994673466,0.500608715,0.975467687
cat,1,Black,1,5,0,1,5,0,1,19,0.307802315,0.082011561,0.599037326,0.066341947,0.406945421
dog,1,Black,0,1,1,1,2,1,0,20,0.834100142,0.334033594,0.566635959,0.569489363,0.862268441
dog,1,Grey,1,1,1,1,2,0,1,19,0.84371229,0.471131396,0.090454397,0.995788031,0.29402885
dog,1,Spotted,0,2,1,1,2,1,1,7,0.792547197,0.222539074,0.116725334,0.323647672,0.459943623
dog,1,Grey,1,5,1,1,2,1,0,2,0.911892653,0.641676334,0.686255532,0.547566479,0.065364511
dog,1,Spotted,0,5,1,1,2,1,1,13,0.204822595,0.285103563,0.11498617,0.303530078,0.135834376
dog,1,Brown,0,1,1,1,2,1,1,1,0.276976457,0.304129849,0.409472269,0.378187029,0.870990882
cat,1,White,1,6,1,1,5,0,1,18,0.420294763,0.244216326,0.69942545,0.28737893,0.927430511
cat,1,Grey,1,9,0,1,5,0,0,9,0.442041656,0.706114879,0.413160991,0.032809533,0.097216815
dog,1,Spotted,0,7,1,1,2,1,1,6,0.679275926,0.017153811,0.680662614,0.070180092,0.855401712
dog,1,Grey,0,4,1,1,2,1,1,5,0.984889976,0.940558463,0.227962929,0.454497153,0.367700967
dog,1,White,0,1,1,1,2,1,1,8,0.617712084,0.216000752,0.174983539,0.824766796,0.762246523
cat,1,White,1,3,1,1,3,0,1,20,0.329348373,0.227532683,0.755738523,0.594519614,0.737682477
dog,1,Spotted,1,2,1,0,2,1,0,10,0.187067066,0.403470575,0.136774772,0.174535587,0.788030135
dog,1,Grey,0,3,1,1,3,1,0,7,0.484142639,0.655317782,0.324599264,0.276581658,0.648801585
cat,1,Black,1,6,1,1,5,0,1,15,0.6574582,0.518361691,0.765021142,0.915986239,0.687399344
dog,1,Grey,1,1,1,1,2,1,1,6,0.599400677,0.560016207,0.411350914,0.766135056,0.177199536
dog,1,Spotted,1,1,1,1,2,1,1,3,0.313309311,0.821351025,0.555469903,0.023885673,0.195220389
dog,1,Brown,0,1,1,1,2,1,1,17,0.861736276,0.866484068,0.13491736,0.410370701,0.541436468
dog,1,Brown,1,3,1,1,2,0,1,15,0.3840358,0.545601507,0.948260799,0.003368213,0.433767256
dog,1,Brown,1,10,1,1,2,1,1,9,0.249965342,0.511104807,0.116948929,0.636532029,0.571528576
dog,1,Spotted,0,2,1,1,2,1,1,13,0.869452497,0.530987305,0.789423396,0.129353601,0.740280104
cat,1,Black,1,6,1,1,5,0,1,10,0.240760394,0.527978623,0.613033956,0.943947284,0.405405506
cat,1,Spotted,1,10,0,1,10,0,1,13,0.955287995,0.73131315,0.094760619,0.316871057,0.045555448
cat,1,White,1,6,1,1,3,0,1,9,0.994561384,0.762780688,0.88721573,0.505779537,0.910700594
dog,1,Spotted,0,1,1,1,2,1,1,9,0.11050475,0.968801382,0.193465849,0.894217841,0.028512805
dog,1,Spotted,1,1,1,0,2,1,0,1,0.951438811,0.502741082,0.629406293,0.219820884,0.650435508
dog,1,Grey,0,1,0,1,2,1,1,17,0.490545867,0.61436995,0.644868344,0.417483519,0.896955899
dog,1,Brown,0,3,1,1,3,1,0,9,0.934835415,0.495692916,0.429281889,0.337488837,0.081578334
dog,1,Spotted,1,4,1,1,2,1,1,12,0.945991026,0.459616568,0.355558506,0.923699234,0.31549196
dog,1,Spotted,0,2,1,0,2,1,0,18,0.434155392,0.322303275,0.059862853,0.199781772,0.404350077
dog,1,Black,0,3,1,1,2,1,0,20,0.438119358,0.780317827,0.76033745,0.253651661,0.827126108
cat,1,White,1,4,1,1,5,0,1,16,0.426140741,0.344432717,0.60729988,0.424976071,0.640990768
dog,1,Spotted,0,1,1,1,2,1,1,2,0.394219356,0.60211431,0.117182633,0.30013878,0.851980397
dog,1,Grey,1,1,1,0,2,1,1,19,0.719125228,0.465979632,0.938038239,0.979751806,0.835050017
dog,1,Grey,0,3,1,0,2,0,0,8,0.341395364,0.853518333,0.285631876,0.336780277,0.57998628
dog,1,Spotted,0,10,1,1,2,1,0,10,0.902103682,0.645852166,0.440245654,0.761540355,0.168516558
dog,1,Brown,0,3,1,1,2,1,0,2,0.472373746,0.801394351,0.655529711,0.287169717,0.879549426
cat,1,Grey,1,7,0,1,3,0,1,17,0.628843357,0.312955236,0.835236225,0.924733548,0.579472575
dog,1,White,0,1,0,1,2,1,0,9,0.550568485,0.028029752,0.64353264,0.292310387,0.259605811
dog,1,Spotted,0,5,1,1,2,1,1,5,0.039803231,0.044692418,0.02949787,0.767289602,0.598200154
dog,1,Grey,0,1,0,1,2,1,1,9,0.138792672,0.140367636,0.649404314,0.590350999,0.492174849
dog,1,Spotted,0,4,1,1,2,1,1,20,0.955979564,0.8992671,0.816139399,0.308412097,0.5050833
dog,1,Grey,0,1,1,0,2,1,1,9,0.42930968,0.127851443,0.625163871,0.078475854,0.386458866
dog,1,Spotted,0,2,1,1,2,0,1,6,0.68277282,0.478327296,0.9214365,0.837766278,0.940973738
cat,1,White,1,7,1,1,10,0,1,6,0.9574578,0.592336853,0.260684585,0.252097787,0.87297006
dog,1,Grey,0,1,1,1,2,1,1,1,0.96059853,0.432243427,0.011620371,0.515629448,0.815630086
dog,1,White,0,2,1,1,2,1,0,3,0.34122535,0.007757419,0.792354577,0.226864691,0.934433108
dog,1,Spotted,0,1,1,0,5,1,1,1,0.494373555,0.547188069,0.776894886,0.930594892,0.794631689
dog,1,Brown,0,3,1,1,2,1,0,2,0.204951343,0.309300448,0.515600609,0.860428457,0.672893188
dog,1,Grey,1,1,0,1,2,1,1,7,0.618152375,0.890231482,0.596207216,0.474436658,0.808512382
dog,1,Black,0,3,1,1,3,1,1,6,0.127813336,0.453367394,0.070181672,0.293294423,0.585764898
cat,1,Grey,1,6,1,1,5,0,1,13,0.164422227,0.705622653,0.883566519,0.018005575,0.704572818
dog,1,Grey,1,10,1,0,2,1,1,1,0.862270195,0.137034629,0.16945885,0.236432255,0.859826481
dog,1,White,0,3,1,1,2,0,1,7,0.388695186,0.524957052,0.263776203,0.289289195,0.012606052
dog,1,Spotted,0,1,1,1,2,1,0,17,0.069468205,0.968018191,0.389150621,0.294389083,0.074727268
dog,1,Brown,0,5,1,0,10,1,0,5,0.454911908,0.234217349,0.344486342,0.93866374,0.132285838
cat,1,Spotted,1,10,1,1,3,0,1,9,0.963331302,0.803170193,0.720082053,0.409009707,0.123339853
dog,1,Spotted,0,1,1,1,2,1,1,3,0.434814656,0.016409435,0.272444778,0.086850689,0.227533072
cat,1,Grey,1,7,0,1,5,0,1,15,0.095575835,0.511401292,0.392502552,0.768323285,0.045089125
dog,1,Spotted,0,2,1,1,2,1,1,19,0.494413868,0.329960444,0.689548303,0.646366112,0.634103693
cat,1,White,1,7,1,1,10,0,1,5,0.268684387,0.801094265,0.53226264,0.172504176,0.098066764
dog,1,White,1,1,1,1,2,1,1,5,0.978899397,0.139293429,0.132473723,0.482774259,0.465145745
cat,1,White,1,7,1,1,3,0,1,18,0.297816583,0.221672362,0.958017383,0.036740032,0.901970412
dog,1,White,0,2,1,1,2,1,0,17,0.870428822,0.563162803,0.744625159,0.081068438,0.894802002
dog,1,Grey,0,5,0,0,2,1,1,15,0.242937028,0.103146434,0.101252565,0.177853953,0.036203744
dog,1,White,1,3,1,1,2,1,1,5,0.84257426,0.486636574,0.06295602,0.146362212,0.183484086
dog,1,Grey,0,1,1,1,2,1,1,19,0.891742855,0.303026143,0.568789393,0.593414842,0.680038137
dog,1,Spotted,1,2,1,1,2,1,0,16,0.788399737,0.646026379,0.740846798,0.536510442,0.395658619
dog,1,White,1,3,1,0,2,1,1,18,0.946421649,0.118876002,0.970364435,0.613265548,0.416475577
cat,0,Spotted,0,7,1,1,5,0,1,6,0.145364659,0.469128153,0.284715706,0.176782887,0.760874935
dog,1,White,1,8,1,0,2,1,1,5,0.136689774,0.687106075,0.071712067,0.432545482,0.4984969
cat,1,Grey,1,10,0,1,3,1,0,2,0.125952122,0.723568663,0.97288372,0.681771854,0.793598513
cat,1,Black,1,6,0,1,5,0,1,4,0.395590687,0.965668869,0.473198927,0.890627683,0.325752237
dog,1,Brown,0,3,1,1,2,1,1,10,0.493426883,0.171496961,0.926375285,0.415854417,0.890296504
cat,1,Grey,1,6,1,1,5,0,1,8,0.928203025,0.233222358,0.62392879,0.594303961,0.964795547
dog,1,Spotted,0,5,1,1,2,1,1,17,0.978091571,0.527861318,0.520581201,0.395581123,0.270201946
dog,1,White,0,8,0,1,2,1,1,6,0.591442674,0.287844569,0.472486842,0.719666458,0.915371651
dog,1,White,1,10,1,0,2,1,1,12,0.908542944,0.921767858,0.10852427,0.753774218,0.162227411
cat,1,Black,1,5,1,0,10,0,1,18,0.054705081,0.409759803,0.830977005,0.418537755,0.655625369
dog,1,Brown,0,2,1,1,2,1,0,3,0.299719628,0.616681289,0.517141673,0.521642502,0.145563909
cat,1,Grey,1,9,1,1,10,0,0,7,0.027203569,0.477700499,0.269803432,0.082944358,0.638575651
dog,1,Brown,0,4,1,0,2,1,1,19,0.716714668,0.752884874,0.957086336,0.845749396,0.940759939
cat,1,White,1,5,0,1,5,0,1,4,0.751917024,0.173460457,0.739998577,0.069704993,0.254984172
dog,1,Brown,1,3,1,1,2,1,1,20,0.468335846,0.028446168,0.931123925,0.410226681,0.969059377
dog,1,Brown,1,2,1,1,2,1,0,3,0.395783979,0.578163587,0.407416883,0.761877068,0.999319148
cat,1,Grey,1,5,1,1,3,0,1,8,0.066593538,0.226770824,0.667336001,0.581262588,0.061566489
dog,1,Spotted,0,2,1,1,2,1,1,18,0.973137348,0.250555703,0.892793603,0.42725057,0.631713614
dog,1,Spotted,1,1,1,1,2,1,1,14,0.228629266,0.948283789,0.592118688,0.381182271,0.691688753
dog,1,Grey,0,8,0,1,10,1,0,12,0.004723353,0.37043679,0.406108221,0.235559187,0.320254872
dog,1,Brown,0,8,1,1,2,1,1,6,0.975945915,0.556941194,0.540873161,0.313359094,0.349157675
dog,1,Brown,0,1,1,1,2,1,0,19,0.651999386,0.493102294,0.318445313,0.990097293,0.124928213
dog,1,Grey,0,4,1,1,2,1,0,9,0.508771835,0.000374036,0.867819235,0.974242461,0.941429714
dog,1,Brown,0,4,1,1,2,1,1,9,0.30719496,0.62095458,0.253667269,0.636897546,0.571452774
dog,1,Spotted,1,1,1,1,2,0,1,3,0.677702511,0.709547637,0.833316533,0.425904881,0.136778568
cat,1,Grey,1,8,1,1,3,1,1,18,0.597341061,0.411203394,0.454851838,0.742738541,0.209067583
cat,1,Spotted,1,6,1,1,5,0,1,17,0.758260704,0.384492592,0.41427691,0.921763546,0.197882904
dog,1,Brown,0,1,1,1,2,1,0,4,0.208378809,0.63549061,0.015161759,0.08683545,0.770125793
cat,1,Black,1,9,1,1,3,0,1,18,0.427636369,0.24253264,0.307030058,0.38751321,0.453854669
dog,1,Spotted,0,5,1,1,2,1,1,18,0.244604338,0.539621334,0.528467576,0.333337738,0.471741821
dog,1,Brown,1,2,1,1,2,1,0,1,0.146650915,0.409526323,0.431377928,0.590378145,0.593205607
dog,1,Spotted,0,2,1,1,2,1,0,17,0.662627701,0.694008329,0.700206623,0.047117331,0.314849442
cat,1,Black,1,8,1,1,5,0,1,1,0.108556306,0.95163011,0.475346321,0.343986592,0.567144868
dog,1,Brown,0,1,1,1,2,1,1,10,0.093235225,0.889180728,0.971412681,0.438813134,0.879950965
dog,1,Grey,1,2,1,1,8,1,1,17,0.503274936,0.982440425,0.63731301,0.053544965,0.719726613
dog,1,Spotted,1,2,1,1,2,1,0,1,0.81407051,0.650036603,0.91747801,0.045345781,0.523031319
cat,1,Black,1,5,0,1,5,1,0,9,0.658850587,0.153634012,0.779578255,0.416000569,0.94994674
cat,1,White,1,7,0,1,5,0,1,2,0.917423928,0.413001449,0.171288332,0.036214327,0.406472123
cat,1,Spotted,1,7,1,1,10,0,1,16,0.975297663,0.044965672,0.567836426,0.120921931,0.883661364
cat,1,Grey,1,6,1,1,3,0,1,3,0.855781147,0.040418048,0.611983008,0.994621675,0.804602601
dog,1,White,1,5,1,1,2,1,1,19,0.279675997,0.778718584,0.438212419,0.502229086,0.154776108
dog,1,Brown,1,2,1,1,2,1,1,15,0.674659456,0.547164922,0.995372955,0.366602867,0.210330784
cat,1,Brown,1,7,1,1,3,0,1,7,0.802972096,0.348432519,0.51273809,0.160213847,0.548254338
dog,1,Grey,1,1,1,1,2,1,0,20,0.561943392,0.69495543,0.609605962,0.569149361,0.43020669
dog,1,Brown,0,1,1,1,2,1,0,13,0.747102566,0.319518484,0.522332775,0.92439396,0.144244982
cat,1,Spotted,1,3,1,1,5,0,1,15,0.928616191,0.492401736,0.54174248,0.918011519,0.512438105
dog,1,Brown,0,1,1,0,2,1,0,19,0.006806529,0.648524407,0.506664506,0.384984727,0.169801293
dog,1,Brown,0,1,1,1,2,1,1,3,0.10883965,0.559412144,0.122958883,0.862092661,0.500343695
dog,1,White,0,3,1,1,2,1,0,3,0.23260193,0.161481425,0.455190022,0.471884705,0.933396434
dog,1,Brown,0,2,1,0,2,1,1,1,0.778762831,0.939033868,0.267614754,0.46971183,0.712116772
cat,1,White,1,6,0,1,3,0,1,3,0.732838118,0.343635201,0.048020216,0.172787081,0.487050432
dog,1,Grey,0,1,1,1,2,1,0,17,0.292295645,0.108137627,0.044230025,0.108698722,0.911036736
dog,1,Brown,0,3,1,1,3,0,1,2,0.820874143,0.596688037,0.891057985,0.297231521,0.375182366
dog,1,Spotted,0,2,1,1,2,1,1,5,0.612276371,0.203834058,0.496173535,0.244561784,0.093725221
cat,1,Black,1,6,1,1,10,0,1,7,0.614421724,0.018227125,0.701437106,0.059075549,0.440235329
dog,1,Grey,1,2,1,1,2,1,1,18,0.698074561,0.789293649,0.998256887,0.860535263,0.170223382
dog,1,White,1,1,1,1,2,1,1,2,0.13281912,0.067290067,0.55420123,0.836547642,0.179360185
dog,1,Brown,0,4,1,1,2,1,0,17,0.078037348,0.639820534,0.893031675,0.908195319,0.165870006
dog,1,White,0,1,1,0,2,1,1,19,0.170027406,0.510532505,0.822571654,0.195215153,0.261575711
dog,1,Brown,1,2,1,1,2,1,0,5,0.520668437,0.345722409,0.971157292,0.257643685,0.565741797
dog,1,White,0,8,1,0,8,1,0,16,0.528676182,0.248851057,0.67366646,0.847110277,0.037106259
dog,1,Grey,1,5,1,1,2,1,0,19,0.236330372,0.850889508,0.175765316,0.920509399,0.048955862
dog,1,Grey,0,2,1,1,2,1,1,4,0.653543311,0.023919497,0.544207114,0.864409741,0.396497899
cat,1,Black,1,8,1,1,5,1,1,20,0.633306783,0.406809158,0.970101731,0.60201283,0.937148507
dog,1,Brown,0,2,1,1,2,1,1,13,0.609726934,0.089732773,0.35165706,0.288566841,0.584365253
dog,1,White,1,1,1,1,2,1,1,13,0.293039317,0.362134596,0.450761922,0.015809093,0.238639145
dog,1,Grey,1,2,1,1,2,0,0,9,0.193833512,0.263744957,0.941830151,0.433531237,0.401383993
dog,1,White,0,10,1,1,2,1,1,10,0.51347587,0.182471851,0.154427094,0.032542939,0.755231527
dog,1,Grey,0,1,1,1,2,1,0,10,0.179823752,0.418694681,0.671140558,0.302584657,0.434095167
dog,1,Grey,0,4,1,1,2,1,1,16,0.944093888,0.636175703,0.416608946,0.497001927,0.63937565
cat,1,Grey,1,8,0,1,5,0,1,18,0.942579554,0.665192149,0.927189295,0.801223367,0.340053561
cat,1,White,1,5,1,1,8,0,1,2,0.142860771,0.070132333,0.278907983,0.248901262,0.814920729
dog,1,Brown,0,3,1,1,2,1,1,1,0.822755464,0.419926845,0.111535271,0.032207201,0.912528792
cat,1,White,1,7,1,1,3,0,1,14,0.85808724,0.22409287,0.210211597,0.033830043,0.788042643
dog,1,Grey,0,4,1,0,2,1,0,19,0.832479842,0.975402995,0.423683642,0.555011431,0.018979104
dog,1,Brown,0,5,1,1,2,1,1,18,0.257804131,0.388965314,0.110967907,0.921391647,0.145712148
cat,1,Grey,1,4,1,1,10,0,1,20,0.911491123,0.830311489,0.19276014,0.453714318,0.002881933
dog,1,Grey,0,3,1,1,2,1,1,19,0.30929946,0.764234037,0.669051098,0.820331541,0.059056548
cat,1,Brown,1,6,1,1,2,0,1,9,0.859720648,0.122426844,0.518479927,0.572907886,0.471618286
cat,1,Brown,1,7,1,1,10,1,1,3,0.900267152,0.808722382,0.831301743,0.200269641,0.515844646
dog,1,Grey,1,3,1,1,2,1,0,13,0.297163998,0.837456157,0.945145347,0.731262004,0.90606807
dog,1,Spotted,0,1,1,1,2,1,0,3,0.02740473,0.248571805,0.184675442,0.575326708,0.881460306
dog,1,Spotted,0,5,1,1,2,0,1,15,0.403720657,0.241600554,0.159303888,0.411328002,0.293849582
cat,1,White,1,7,1,1,10,1,1,1,0.16870169,0.037221283,0.00339804,0.834337346,0.186068123
cat,1,White,1,6,0,1,5,1,1,14,0.236910456,0.741566506,0.917870912,0.051194901,0.745057131
dog,1,White,0,1,1,1,2,1,1,20,0.172183189,0.99924136,0.007729689,0.149801517,0.467669067
dog,1,Brown,0,2,1,1,2,1,1,3,0.506648895,0.909525959,0.335910659,0.656957758,0.838342158
cat,1,Black,1,7,1,1,3,0,1,19,0.306052638,0.571925692,0.933026443,0.152684056,0.003977431
dog,1,Brown,0,5,1,1,2,1,1,20,0.792336497,0.00349968,0.298547199,0.174045213,0.620085104
dog,1,Grey,1,2,1,1,2,1,1,11,0.839018689,0.984841544,0.532765125,0.876365171,0.227128152
dog,1,Grey,0,2,1,1,2,1,1,2,0.91435109,0.627007989,0.480110162,0.299379803,0.79597498
cat,1,White,1,7,1,1,3,1,1,4,0.452721191,0.985239065,0.209998698,0.332063576,0.797189858
dog,1,Grey,0,8,1,0,2,1,1,3,0.311521985,0.420062388,0.078339133,0.69749659,0.105841564
cat,1,White,1,6,1,1,5,0,1,20,0.692053196,0.353617276,0.246331995,0.713103476,0.431845558
dog,1,Grey,1,1,1,1,2,1,0,2,0.993638605,0.066781333,0.458755111,0.730183675,0.206538728
dog,1,Brown,0,4,1,1,2,1,1,17,0.954459089,0.898536769,0.534703657,0.871442316,0.879680105
dog,1,White,0,1,1,0,8,1,1,7,0.562826963,0.884975685,0.705700238,0.459314481,0.164576507
dog,1,Grey,0,4,1,0,2,1,1,1,0.730457346,0.723003922,0.704160495,0.670095505,0.049791175
dog,1,Grey,1,3,1,1,2,1,1,4,0.418157262,0.043994117,0.973619692,0.328042985,0.044720744
dog,1,Spotted,0,7,1,1,2,0,1,5,0.845102859,0.917041873,0.803441385,0.763750152,0.726787215
dog,1,Grey,1,3,1,1,2,1,1,18,0.308348543,0.288411181,0.168095466,0.91101861,0.031955066
dog,1,Grey,0,5,1,1,2,1,1,18,0.682085651,0.863913744,0.956874293,0.755700899,0.126198213
dog,1,Spotted,0,1,1,1,2,1,1,10,0.964512008,0.888864349,0.945528509,0.888206422,0.769750717
dog,1,Brown,1,1,1,0,2,1,0,5,0.66940806,0.980777776,0.224990506,0.920835078,0.335193309
cat,1,Spotted,1,3,1,1,8,1,1,19,0.901427045,0.688578022,0.712007183,0.955751911,0.278608888
cat,1,Brown,1,6,1,1,5,0,1,20,0.576927272,0.66878896,0.620495764,0.65317223,0.87005128
cat,1,Spotted,1,6,1,0,3,0,0,11,0.785893376,0.519304163,0.55706994,0.654457987,0.837072778
dog,1,White,1,3,1,1,2,1,1,2,0.719626576,0.979315456,0.557887024,0.506213037,0.866006541
dog,1,Brown,0,3,1,1,2,1,1,4,0.042279553,0.068361639,0.796709261,0.394699894,0.704480386
cat,1,White,1,6,1,1,5,0,1,13,0.815320589,0.509689942,0.080031483,0.345644127,0.226673932
dog,1,White,1,1,1,1,2,1,1,17,0.00668692,0.038645891,0.253027865,0.236541234,0.616952149
cat,1,White,1,6,1,1,3,0,1,1,0.383337821,0.451851097,0.124066743,0.930391362,0.18144839
dog,1,White,0,1,1,1,2,0,0,17,0.686763441,0.986350163,0.802910414,0.586573476,0.535176558
cat,1,White,1,5,0,1,10,0,1,20,0.434268152,0.392237866,0.28445884,0.033952486,0.066687496
dog,1,Brown,0,5,0,1,2,1,0,5,0.894484629,0.813666942,0.030138392,0.557247291,0.722292607
dog,1,Brown,1,5,1,1,2,1,0,16,0.794713754,0.88000732,0.64358778,0.282140653,0.649931395
dog,1,Brown,0,3,0,0,2,1,0,8,0.216025843,0.085536707,0.004609799,0.907449789,0.282569948
cat,1,Grey,1,7,1,1,5,0,1,20,0.13835594,0.630461268,0.219395678,0.981309828,0.526964023
dog,1,Brown,1,1,1,0,2,1,1,7,0.554787177,0.934603034,0.754066815,0.226488666,0.554227759
dog,1,Brown,1,10,1,1,2,1,1,7,0.655251564,0.879598036,0.164175462,0.9097501,0.111995244
dog,1,White,0,3,1,1,2,1,0,17,0.956879502,0.886939106,0.031265132,0.19504477,0.582486787
dog,1,Brown,1,8,1,1,2,1,1,5,0.462739869,0.738202475,0.541112585,0.297493105,0.521451415
dog,1,Grey,1,1,1,1,2,1,1,18,0.189520344,0.911076332,0.346752289,0.770589207,0.352025811
dog,1,Grey,0,4,1,1,2,1,1,20,0.713956589,0.562362775,0.28395242,0.19051438,0.099269179
dog,1,Brown,0,3,1,0,2,1,1,16,0.31461856,0.670152387,0.215880997,0.027471939,0.316710893
dog,1,White,1,1,1,1,2,1,1,13,0.560161006,0.986045012,0.740172953,0.131960719,0.15944907
cat,1,Black,1,6,1,1,5,0,1,17,0.363609094,0.399543739,0.399022128,0.278618157,0.534586275
dog,1,Spotted,1,3,1,1,2,1,1,2,0.06728161,0.069321262,0.364095066,0.667672457,0.714507748
dog,1,Grey,1,3,1,1,2,1,1,4,0.61129282,0.219709125,0.758955565,0.465738309,0.841671298
dog,1,Spotted,0,2,1,1,2,1,1,18,0.086984004,0.942815643,0.195889153,0.398102422,0.60299857
dog,1,Brown,0,1,0,1,2,1,1,15,0.730949165,0.049253821,0.315258475,0.32374574,0.600938931
dog,1,Brown,0,5,1,0,2,1,1,2,0.859883026,0.450704409,0.290775092,0.157210029,0.153393249
cat,1,Black,1,7,0,1,10,0,1,20,0.100700389,0.439977944,0.695247411,0.482318888,0.496746431
cat,1,White,1,7,0,1,10,0,1,1,0.866235995,0.390923846,0.074604759,0.382323381,0.803828899
dog,1,White,0,2,1,1,2,1,1,16,0.232295951,0.572832372,0.293353349,0.141694141,0.500528922
dog,1,Brown,1,2,1,1,2,1,1,7,0.88568543,0.188425811,0.472034544,0.757884131,0.770182676
cat,1,White,1,10,0,1,5,0,1,1,0.687883761,0.853759949,0.406665372,0.245144634,0.763684675
dog,1,Black,1,1,1,1,2,1,1,10,0.022545075,0.139272786,0.628354678,0.899363935,0.92120299
cat,1,White,1,6,1,1,2,0,1,20,0.063559288,0.187481812,0.362172051,0.850278656,0.835771635
dog,1,Brown,0,1,1,1,2,1,1,2,0.318185576,0.131606933,0.810734713,0.072408391,0.958725132
cat,1,Black,1,7,0,1,2,0,1,16,0.888077068,0.112873605,0.703040414,0.065882728,0.836704169
cat,1,White,1,4,0,1,5,0,1,13,0.564005627,0.019341443,0.311217509,0.617419986,0.29869852
dog,1,Spotted,1,1,1,1,2,1,1,13,0.882970072,0.238002231,0.76417243,0.366181082,0.003787572
dog,1,Brown,0,2,1,1,2,1,1,9,0.363416702,0.202629654,0.53873624,0.665564965,0.33050265
dog,1,White,1,2,1,1,2,1,1,4,0.504472964,0.397648299,0.504134601,0.017783772,0.254752545
dog,1,Spotted,0,1,1,1,2,1,0,19,0.562136761,0.48406492,0.19499024,0.702301203,0.024508959
dog,1,Brown,0,10,1,1,2,0,0,8,0.173141069,0.822919772,0.189069009,0.376920095,0.901739389
dog,1,Grey,1,1,1,0,2,1,0,10,0.245888621,0.216030625,0.186736649,0.963408374,0.986052103
dog,1,Brown,0,3,1,1,2,1,1,7,0.141596772,0.229964621,0.625312742,0.952946059,0.510351244
dog,1,Spotted,0,8,1,1,3,1,0,19,0.610215437,0.2672202,0.296967342,0.572725302,0.2414945
dog,1,Brown,0,4,1,1,3,1,0,12,0.458546866,0.533082531,0.018255448,0.33577132,0.131763427
dog,1,Brown,1,2,1,1,2,1,1,2,0.897260466,0.162882409,0.751988035,0.76426434,0.235597376
dog,1,Spotted,0,2,1,1,2,1,0,16,0.73035627,0.034491467,0.677004174,0.971878082,0.934847924
cat,1,Spotted,1,6,1,1,5,0,1,19,0.344729305,0.368917519,0.790052747,0.981322121,0.17502111
cat,1,Grey,1,7,1,1,8,0,1,4,0.222197731,0.302805871,0.16918758,0.481988163,0.499184298
dog,1,Brown,0,1,1,1,2,1,1,15,0.720112794,0.788832656,0.836718369,0.346380988,0.596198529
cat,1,Spotted,1,4,1,1,5,0,1,4,0.449658121,0.593843165,0.18890845,0.847794527,0.909106214
cat,1,White,1,6,1,1,10,0,1,17,0.683503267,0.846729295,0.213394603,0.142954381,0.03932325
cat,1,Black,1,7,0,1,3,0,1,14,0.62699971,0.034806383,0.559932716,0.973323311,0.292344834
dog,1,White,1,1,1,1,2,1,1,19,0.92178268,0.704539323,0.885568294,0.193976569,0.529605893
cat,1,White,1,5,1,1,8,0,1,8,0.762829078,0.152240139,0.535547911,0.861094477,0.553870732
cat,1,Black,1,8,1,1,3,1,1,3,0.951748801,0.3583217,0.840717043,0.843982065,0.171005138
dog,1,Spotted,0,10,1,1,2,1,1,10,0.714541322,0.153794505,0.939316796,0.647831362,0.81905472
dog,1,Brown,1,3,1,0,2,1,0,17,0.842373918,0.334026059,0.119840721,0.567030085,0.566173818
dog,1,Spotted,0,3,1,1,2,1,1,19,0.980587336,0.132784782,0.796769084,0.412803103,0.122183627
dog,1,Grey,0,2,1,1,2,1,1,2,0.65768164,0.796506831,0.367814712,0.476310403,0.221546103
dog,1,White,0,2,1,1,2,1,1,15,0.617959806,0.606317108,0.787978447,0.17408661,0.997314342
cat,1,Black,1,6,1,1,3,0,1,15,0.900612985,0.452725624,0.83327237,0.049624039,0.8135137
dog,1,Brown,0,2,1,1,2,1,1,1,0.408264241,0.603620056,0.861294375,0.549268426,0.664763948
cat,1,Black,1,7,1,1,3,0,1,14,0.076262995,0.305310393,0.352792339,0.180776528,0.377239945
dog,1,Spotted,0,3,1,0,2,1,1,8,0.909481243,0.551575451,0.203705006,0.538679074,0.145184167
dog,1,Brown,0,1,1,1,2,1,1,5,0.760261506,0.985984377,0.583896707,0.511380505,0.114829002
dog,1,Brown,0,1,1,1,2,1,0,16,0.8734207,0.973750665,0.9125804,0.3407131,0.459376593
dog,1,Brown,0,3,1,1,2,0,1,18,0.383163725,0.386658637,0.341513896,0.056504185,0.970695182
dog,1,Brown,0,5,1,1,2,1,1,17,0.822223973,0.550178717,0.379737567,0.159926742,0.730235871
dog,1,White,0,2,1,1,2,1,1,10,0.262255473,0.660203271,0.914859337,0.749340104,0.114171307
dog,1,Grey,0,2,1,1,2,1,1,10,0.613935047,0.77519582,0.758072291,0.799614806,0.035850845
dog,1,Grey,0,4,1,0,2,1,1,6,0.007848687,0.205896188,0.15778175,0.352614756,0.517221689
dog,1,Brown,1,9,1,1,2,1,0,11,0.711949438,0.223721084,0.917725931,0.275877142,0.719563243
dog,1,Spotted,1,2,1,1,2,1,1,3,0.559850215,0.718117395,0.100936413,0.388916843,0.622193971
dog,1,White,1,1,1,1,2,1,0,9,0.766780912,0.588577469,0.984392212,0.408639912,0.698218133
cat,1,White,1,8,1,1,5,0,0,18,0.851353232,0.847405048,0.141490232,0.989367133,0.785801812
cat,1,Black,1,7,1,1,5,1,1,8,0.746814746,0.988586423,0.806826391,0.658151594,0.045257885
dog,1,Brown,1,3,1,1,2,1,1,16,0.849422665,0.160681804,0.25444371,0.107980173,0.234037863
cat,1,White,1,7,1,1,5,0,1,5,0.886451315,0.049264428,0.419749347,0.729291218,0.725243782
dog,1,Spotted,1,1,1,1,2,1,1,1,0.004787307,0.252547281,0.681929414,0.638081169,0.945976074
dog,1,Brown,0,1,1,1,2,1,1,18,0.849341329,0.018171298,0.987154596,0.17271691,0.173861802
dog,1,Spotted,1,2,1,1,2,1,0,4,0.788427661,0.187051271,0.15179352,0.709435106,0.993492455
cat,1,Grey,1,6,1,0,5,0,1,15,0.914275705,0.320318085,0.895705577,0.776500628,0.558545347
dog,1,Brown,1,5,1,1,2,1,0,17,0.520284893,0.570941815,0.736499276,0.674743238,0.2785837
dog,1,White,1,2,1,0,2,1,0,15,0.110987755,0.729104312,0.857252587,0.199856927,0.225487125
cat,1,Grey,1,7,1,0,5,0,1,7,0.219014657,0.767552414,0.104478865,0.400483923,0.937883138
dog,1,Spotted,1,5,1,1,2,1,1,20,0.824384417,0.098941267,0.245311894,0.09259991,0.42397282
dog,1,Brown,0,4,1,0,2,1,1,3,0.150856265,0.389364631,0.474665929,0.70669777,0.93546959
dog,1,White,1,3,1,0,2,1,1,18,0.857759034,0.212333475,0.454716949,0.786291819,0.39998789
cat,1,Spotted,1,7,1,1,8,1,1,5,0.786553908,0.300034852,0.394744822,0.24153288,0.760970947
dog,1,Grey,0,3,1,1,2,1,0,18,0.547434527,0.4953947,0.066842919,0.51450378,0.557608031
dog,1,Brown,0,1,1,0,2,1,1,20,0.467370508,0.424554632,0.080103633,0.430232932,0.681934166
cat,1,Black,1,7,1,1,5,0,1,16,0.71774426,0.340163265,0.448674258,0.58263296,0.570411318
cat,1,Grey,1,7,1,1,5,0,1,18,0.785686663,0.851320874,0.097675839,0.862387223,0.442955754
cat,1,Brown,1,8,1,1,5,1,1,17,0.675460262,0.002145228,0.415238117,0.712182486,0.646259631
dog,1,Brown,0,10,1,1,2,1,1,19,0.631185746,0.246701756,0.811991376,0.872528958,0.548847954
cat,1,Black,1,7,1,1,10,0,1,19,0.356031739,0.626684052,0.611067455,0.795637382,0.846806835
dog,1,Spotted,0,1,1,1,2,1,0,1,0.369449896,0.374923684,0.893222336,0.023254153,0.043642337
dog,1,Spotted,0,4,1,1,2,1,1,4,0.020369258,0.240568035,0.014124925,0.721554249,0.735015031
dog,1,Brown,1,1,1,1,2,1,1,2,0.786088828,0.968717642,0.078724991,0.17861176,0.975820402
dog,1,Spotted,0,1,1,1,2,1,1,8,0.418458404,0.046488588,0.021749611,0.51387845,0.886378128
cat,1,Grey,1,10,1,1,5,0,0,3,0.466386796,0.163643125,0.311574487,0.193859969,0.764585004
dog,1,Brown,1,3,1,1,2,1,1,6,0.266366092,0.297627165,0.334790894,0.176644685,0.656014888
cat,1,White,0,7,1,1,10,1,1,18,0.317360656,0.554798573,0.525762247,0.92478082,0.246281416
cat,1,White,1,7,1,0,2,1,1,9,0.869810736,0.359276167,0.215387214,0.350994001,0.894642535
cat,1,Grey,1,4,1,1,5,0,1,16,0.905713556,0.74276598,0.947499855,0.904140984,0.045233644
dog,1,Brown,0,4,1,1,2,1,1,17,0.692705175,0.059112466,0.320413985,0.11127744,0.704734515
cat,1,Black,1,9,0,1,5,1,1,16,0.433153022,0.824030182,0.39216383,0.775471889,0.619425634
dog,1,Spotted,0,1,1,1,2,1,1,5,0.270184595,0.512068836,0.95501561,0.075054442,0.916918491
dog,1,Spotted,0,2,1,1,2,1,0,14,0.60563091,0.615934744,0.926443934,0.776807112,0.693232185
dog,1,Grey,0,2,1,1,2,1,0,3,0.482776683,0.899117146,0.643811578,0.991741066,0.782796374
dog,1,Spotted,1,4,1,1,2,1,1,3,0.23332018,0.631803925,0.278226437,0.410796929,0.658587276
cat,1,Grey,1,7,1,1,3,0,1,6,0.659160435,0.412228746,0.981717365,0.866208338,0.4021852
cat,1,Spotted,1,5,1,1,3,0,1,18,0.271547427,0.346402872,0.90154288,0.742241851,0.388483735
dog,1,Spotted,0,1,1,1,2,1,1,4,0.283897397,0.164923451,0.274747139,0.831774877,0.527725984
dog,1,Grey,0,3,1,1,2,0,0,1,0.034934236,0.02558681,0.386992728,0.340379789,0.120825796
dog,1,Brown,0,2,1,1,2,0,0,17,0.407453985,0.407790747,0.323587129,0.276130035,0.967826062
dog,1,Spotted,1,10,1,1,2,1,1,16,0.315920433,0.123433407,0.743332289,0.56572251,0.798161136
dog,1,White,1,1,1,1,2,1,1,2,0.564307442,0.058839116,0.955694804,0.002952533,0.321495901
dog,1,Brown,1,1,1,0,2,1,0,20,0.666554396,0.762891396,0.691711315,0.404194085,0.272330108
dog,1,Spotted,1,3,1,1,2,1,1,4,0.969147605,0.04612624,0.418837777,0.281535737,0.501775115
cat,1,Black,1,6,1,1,3,0,1,17,0.035614555,0.197368903,0.801054763,0.262501004,0.658400595
dog,1,Brown,1,3,1,1,2,0,1,17,0.45822603,0.240239205,0.629509352,0.902666715,0.570258721
dog,1,Grey,0,5,1,1,2,1,1,2,0.24206271,0.802092973,0.218987568,0.110511164,0.869265574
dog,1,Black,0,3,1,1,2,1,1,14,0.683291164,0.404482193,0.628477434,0.074673915,0.42888118
dog,1,Brown,0,1,1,1,2,0,0,3,0.146246341,0.825575541,0.798964099,0.28951921,0.672394433
cat,1,Spotted,1,7,1,1,5,0,1,3,0.465598872,0.443937095,0.632131082,0.039207504,0.386613885
cat,1,Spotted,1,6,0,1,10,0,0,16,0.463674329,0.018189188,0.621651688,0.111124948,0.798564734
cat,1,Spotted,1,8,0,1,5,0,1,7,0.739342743,0.245734093,0.642481388,0.338268393,0.390661255
cat,1,Spotted,1,7,1,1,5,0,1,19,0.623314837,0.97295368,0.401984333,0.649518405,0.407419856
dog,1,White,1,2,1,1,2,1,1,3,0.70095848,0.239797918,0.307377881,0.419770518,0.999464633
dog,1,Black,1,8,1,1,2,1,0,3,0.886470688,0.485258907,0.880853254,0.917787867,0.619060114
dog,1,Grey,0,9,1,1,2,1,1,6,0.720131167,0.862531042,0.145381141,0.413279354,0.415715613
dog,1,Brown,1,2,1,1,2,1,1,6,0.610983829,0.752754473,0.309525385,0.463240686,0.548866147
dog,1,White,1,5,1,1,2,1,1,9,0.808909574,0.824734284,0.227546764,0.648490877,0.770446852
dog,1,Spotted,0,3,1,1,2,1,1,8,0.169018916,0.354051648,0.897035354,0.628227154,0.591043421
cat,1,Grey,1,8,1,1,5,1,1,17,0.636887641,0.73275653,0.489861338,0.623081361,0.416890244
dog,1,White,0,4,1,1,2,1,1,19,0.908070698,0.791995381,0.798338356,0.624369592,0.746912403
cat,1,Spotted,0,7,1,1,5,0,1,11,0.793676711,0.092693839,0.380102581,0.090865793,0.878474701
dog,1,Spotted,1,2,1,1,2,1,1,20,0.828237089,0.350562269,0.206277716,0.013856621,0.182602209
cat,1,Grey,1,9,1,1,3,0,1,9,0.581395175,0.099171183,0.976011635,0.634713828,0.197439158
cat,1,Brown,1,7,1,1,5,0,1,18,0.859354914,0.469814652,0.694088028,0.073426908,0.568596779
dog,1,Brown,0,3,1,1,2,1,1,3,0.426839236,0.849332895,0.485111941,0.317406454,0.155538746
cat,1,Black,1,4,0,1,5,0,1,9,0.993285608,0.44034644,0.936336363,0.4520652,0.455104617
dog,1,Grey,0,2,1,1,2,1,0,18,0.503625839,0.30772708,0.757284068,0.885324729,0.125897249
dog,1,Grey,1,3,1,0,2,1,1,5,0.804600828,0.510590422,0.966084782,0.515408389,0.572383087
dog,0,Brown,0,2,1,1,2,1,1,1,0.47971921,0.929009377,0.706096507,0.733125692,0.996100448
dog,1,Grey,0,2,1,1,2,1,0,20,0.953560332,0.36076091,0.860749134,0.885568955,0.743903158
cat,1,Black,1,3,1,1,8,1,1,6,0.589080551,0.203511114,0.805718353,0.833569119,0.126340396
dog,1,Grey,0,1,1,1,2,1,1,10,0.575544139,0.310295668,0.11467408,0.63782979,0.575294077
dog,1,Grey,0,2,1,1,5,1,0,19,0.893386947,0.82329957,0.313280358,0.915971933,0.016733446
cat,1,White,1,5,1,1,5,1,1,20,0.410916697,0.953310261,0.789366514,0.051050575,0.476969908
cat,1,Black,1,7,1,1,5,1,1,16,0.716286688,0.556148401,0.035826186,0.98989495,0.66217656
cat,1,White,1,10,0,1,3,0,1,17,0.108477382,0.673281342,0.660984371,0.032558883,0.935490994
dog,1,Grey,1,2,1,1,2,1,1,19,0.338142006,0.590458483,0.702609401,0.150590818,0.646060772
dog,1,Grey,1,1,1,1,2,1,1,5,0.372117425,0.920012943,0.52060845,0.308891648,0.902304754
cat,1,White,1,7,1,1,5,0,1,10,0.901214159,0.258322139,0.386934235,0.327168639,0.760581419
dog,1,Brown,1,2,1,1,2,1,0,1,0.535222979,0.501463992,0.2176399,0.295169683,0.623507428
cat,1,Grey,1,7,0,1,3,0,1,6,0.03810224,0.10032118,0.181594619,0.652997384,0.224275643
cat,1,White,1,5,0,1,8,1,1,19,0.621071295,0.507117086,0.708069708,0.869269615,0.413799308
cat,1,Grey,1,6,1,1,3,0,1,4,0.254421174,0.306803098,0.181530724,0.84569451,0.317907062
dog,1,White,1,1,1,1,2,1,0,14,0.638544416,0.341515821,0.740589084,0.212791677,0.174210131
dog,1,White,1,3,1,1,2,1,1,4,0.413378864,0.890126768,0.09685303,0.759770368,0.231998468
dog,1,Spotted,0,2,1,1,2,1,1,8,0.203034709,0.269495708,0.824978873,0.991041521,0.9220976
dog,1,Brown,0,1,1,1,2,0,1,4,0.745039852,0.277102666,0.919336599,0.807523202,0.722242249
cat,1,Black,1,10,1,1,5,1,1,18,0.221766695,0.044385845,0.359681084,0.181493541,0.137915493
dog,1,Grey,1,3,1,1,3,1,1,20,0.540822482,0.89049149,0.751513531,0.611970512,0.416367784
dog,1,Brown,0,1,1,1,2,1,1,5,0.30987694,0.704152798,0.464458574,0.936657648,0.753768153
cat,1,White,1,3,1,1,5,1,1,10,0.142715066,0.840111936,0.352122669,0.498314378,0.710010941
cat,1,Spotted,1,6,1,1,8,0,1,19,0.455551522,0.197856322,0.040252444,0.794428001,0.751752671
cat,1,White,1,7,0,1,5,0,1,17,0.625414274,0.437778114,0.780965801,0.634792717,0.335989096
dog,1,Spotted,0,2,1,1,2,1,1,17,0.367342028,0.156053405,0.096920847,0.809925932,0.747271305
cat,1,Grey,1,4,1,1,10,0,1,1,0.294348167,0.23395724,0.418733133,0.014061613,0.953040433
cat,1,White,1,10,0,1,5,0,1,10,0.947324611,0.431638909,0.455956889,0.547725019,0.602466901
dog,1,White,0,3,1,1,2,1,0,3,0.283447877,0.241285211,0.399588133,0.392194263,0.57290318
cat,1,White,1,3,1,1,5,0,1,16,0.093111055,0.241579526,0.208483772,0.24067502,0.197330129
dog,1,Brown,0,10,1,0,2,1,1,2,0.16675783,0.20639808,0.51406205,0.721566996,0.13121389
dog,1,Brown,1,3,1,1,2,1,1,17,0.898276253,0.575805587,0.880116994,0.331885123,0.521667605
cat,1,Black,1,8,1,1,5,1,1,20,0.974695659,0.223363461,0.779797871,0.775318275,0.758629112
cat,1,White,1,7,1,1,5,0,1,4,0.438406162,0.081048586,0.68124012,0.166839686,0.298140209
dog,1,White,0,10,1,1,2,1,0,4,0.406399591,0.063950504,0.91008518,0.008953122,0.31151885
dog,1,White,0,2,0,1,2,1,0,19,0.901042476,0.916511122,0.960335482,0.560845064,0.901247067
dog,1,White,0,1,1,1,2,1,1,17,0.787630104,0.147844915,0.586792357,0.226296919,0.713166832
dog,1,Brown,0,6,1,1,2,1,1,1,0.392922941,0.99129676,0.131179529,0.865137681,0.283308774
cat,1,White,1,7,1,1,5,0,1,7,0.815894515,0.757648664,0.904815118,0.460632726,0.920623555
cat,1,Black,1,9,0,1,5,1,1,19,0.743316612,0.969736317,0.345194553,0.83403574,0.254614306
dog,1,Spotted,1,2,1,1,2,1,1,8,0.563660058,0.033552746,0.267970809,0.593727774,0.635441543
cat,1,White,1,6,1,1,10,0,1,6,0.372062065,0.863799115,0.654342159,0.556242491,0.237377016
cat,1,White,1,6,1,1,5,0,1,3,0.45509646,0.219835563,0.09321067,0.107273192,0.164135104
dog,1,Brown,1,1,1,0,2,0,1,16,0.903703337,0.817794591,0.407405579,0.06307651,0.938792862
dog,1,Black,1,5,1,1,2,1,0,4,0.301129087,0.960704361,0.978642943,0.168149502,0.170797545
dog,1,Brown,1,1,1,1,2,1,1,5,0.40146177,0.196149219,0.221460421,0.58400998,0.991207103
cat,1,White,1,3,0,1,5,0,1,3,0.860641257,0.56149969,0.794734508,0.332761733,0.081674646
dog,1,Grey,1,4,1,0,2,1,1,4,0.08624282,0.667857036,0.16255189,0.178707841,0.456636804
dog,1,Black,0,4,1,1,2,0,1,4,0.67181587,0.452732961,0.39700518,0.633041005,0.340018214
dog,1,Grey,0,1,1,1,2,1,0,7,0.868999569,0.102430444,0.390807613,0.894398538,0.651864213
dog,1,Brown,0,4,1,1,2,1,0,20,0.224039552,0.34035905,0.092596878,0.78319833,0.62522375
cat,1,Grey,1,6,0,0,5,1,0,18,0.601623874,0.455243614,0.599196041,0.324159001,0.718799565
cat,1,White,1,4,1,1,8,0,1,9,0.764333524,0.649796137,0.450972392,0.546790414,0.792533738
dog,1,Brown,0,1,1,1,2,0,0,3,0.224492782,0.539883242,0.414228974,0.305925686,0.173575943
dog,1,Spotted,1,3,1,1,2,1,0,13,0.750609129,0.952620408,0.545530332,0.574551048,0.92338092
dog,1,White,1,7,1,1,2,1,1,16,0.704231806,0.028967555,0.918744572,0.970890305,0.885333923
dog,1,Brown,0,2,1,1,3,1,1,18,0.393890958,0.298903577,0.167883575,0.146831903,0.043563346
dog,1,Spotted,1,2,1,1,2,1,0,5,0.162627933,0.469850165,0.921806255,0.574777853,0.808813572
cat,1,Black,1,7,0,1,10,0,1,7,0.954010884,0.212403572,0.040828754,0.247382348,0.804662465
dog,1,Brown,0,4,1,1,2,1,1,8,0.61389368,0.36114025,0.120902684,0.304538661,0.489760549
cat,1,White,1,6,1,1,3,0,1,18,0.737377635,0.530408735,0.242309181,0.888367106,0.433031557
dog,1,Brown,0,3,1,1,2,1,0,17,0.009188306,0.168308393,0.227055686,0.290774719,0.617949135
dog,1,White,0,6,1,1,2,1,1,10,0.557830352,0.751018164,0.139213706,0.799715232,0.942031169
dog,1,White,0,3,1,1,2,1,0,5,0.092044274,0.670628058,0.131839008,0.581340018,0.064402242
dog,1,Spotted,0,1,1,1,5,1,0,4,0.840808908,0.598283792,0.443905466,0.835174148,0.561700515
cat,1,Grey,1,6,1,1,5,0,0,5,0.676669006,0.786131033,0.841912829,0.491181651,0.63434889
cat,1,Grey,1,5,1,1,5,0,1,16,0.445549426,0.440433573,0.579766445,0.606663303,0.151843636
dog,1,Spotted,0,2,1,0,2,1,1,18,0.613982811,0.807334204,0.771629218,0.970657818,0.626138293
dog,1,Brown,1,6,1,0,2,0,0,14,0.709792456,0.516763253,0.011085278,0.039278184,0.007079419
dog,1,Brown,1,2,1,1,2,1,1,20,0.289782105,0.324394071,0.236998018,0.403548735,0.964419066
dog,1,Brown,1,2,1,1,2,1,0,18,0.439401747,0.338586935,0.587548706,0.130187937,0.853668319
dog,1,Brown,0,1,1,1,2,1,1,10,0.21139194,0.860583809,0.952540974,0.267597512,0.575977698
cat,1,Black,1,9,0,1,10,1,0,20,0.648112293,0.600004166,0.744074892,0.572895942,0.030818521
dog,1,Brown,0,4,1,1,2,1,1,1,0.972879603,0.150320952,0.496770182,0.515442766,0.709711363
dog,1,Brown,0,2,0,1,2,1,1,9,0.95018737,0.520651787,0.913456821,0.529136828,0.116411214
cat,1,White,0,6,1,1,5,0,1,18,0.103803223,0.693472392,0.403639307,0.430974644,0.521968044
cat,1,Spotted,1,7,0,1,3,0,1,7,0.955207816,0.684257355,0.260356377,0.926665338,0.983499662
cat,1,Grey,1,7,1,1,5,0,1,6,0.652404886,0.60230114,0.593406952,0.098046012,0.705108369
dog,1,Spotted,0,1,1,1,2,1,1,1,0.930110934,0.800358603,0.288662926,0.642829602,0.705928485
cat,1,Spotted,1,5,0,1,8,0,1,5,0.966569499,0.462118754,0.432957771,0.153883127,0.704303294
dog,1,Brown,1,10,1,1,2,1,1,4,0.985318092,0.485230103,0.865285076,0.229186361,0.977305982
dog,1,Brown,0,1,1,1,2,1,0,19,0.287082478,0.800273732,0.477095437,0.059183288,0.883928362
cat,1,Grey,1,8,0,1,3,0,1,20,0.704407842,0.634732224,0.160292306,0.486862118,0.337025917
dog,1,Spotted,1,4,1,1,2,1,1,10,0.650072088,0.995743592,0.438280853,0.623024582,0.149692066
cat,1,White,1,6,0,1,5,0,0,20,0.49326448,0.874232571,0.231141592,0.812790415,0.639000863
cat,1,Black,1,7,1,1,5,0,1,19,0.289549201,0.931799893,0.713681575,0.066395332,0.463140409
cat,1,Grey,1,5,0,1,10,0,1,8,0.988835706,0.260402627,0.908944094,0.365127585,0.132969354
dog,1,Spotted,0,4,1,1,2,1,1,5,0.900432748,0.761454853,0.140294283,0.10804702,0.801938678
dog,1,Spotted,1,1,1,1,2,0,0,18,0.566047403,0.764490425,0.417839063,0.696144607,0.950622298
dog,1,Grey,0,3,1,1,2,1,0,17,0.179205499,0.114584342,0.753037948,0.777138843,0.401487531
cat,1,Black,1,3,1,1,10,0,1,2,0.272026167,0.227650089,0.12919588,0.695182304,0.165165536
cat,1,Black,1,7,0,1,3,0,1,16,0.178834654,0.895372361,0.76291818,0.56921656,0.298031704
dog,1,White,0,3,1,1,2,1,1,1,0.441440483,0.36986044,0.063965279,0.539825825,0.888439652
dog,1,White,1,1,0,1,2,1,1,10,0.612827355,0.52591471,0.843079969,0.480066933,0.65198213
dog,1,Spotted,0,2,1,1,2,1,0,6,0.796838615,0.848772388,0.28235972,0.565664481,0.611777683
dog,1,Grey,0,1,1,1,2,1,1,2,0.410753017,0.572968238,0.951023772,0.568835811,0.208469454
cat,1,White,1,4,1,1,3,1,1,20,0.360030818,0.865543802,0.940790488,0.308741865,0.439313752
dog,1,Spotted,1,2,1,1,2,1,0,10,0.801995378,0.684542304,0.167330143,0.412218137,0.137913476
dog,1,Grey,0,1,1,1,2,1,1,19,0.079895194,0.575011088,0.5429389,0.527860054,0.051447398
cat,1,Grey,1,6,0,1,5,1,1,5,0.286083834,0.553087767,0.187587306,0.5459087,0.665251001
cat,1,White,0,3,0,1,5,1,0,2,0.903218379,0.244759101,0.53009475,0.137939468,0.773997791
dog,1,Brown,0,2,1,1,2,1,1,1,0.987984687,0.343996501,0.727268205,0.571575857,0.82507719
cat,1,Black,0,7,1,1,3,0,1,8,0.491342434,0.241314016,0.428236613,0.662802076,0.123096061
dog,1,Spotted,0,8,1,1,2,1,1,16,0.308721565,0.788919803,0.919786187,0.963558824,0.414575334
dog,1,Black,0,2,1,1,2,1,1,20,0.477768724,0.838924999,0.419450597,0.946813249,0.899492538
dog,1,Brown,1,3,1,1,2,1,0,2,0.352993895,0.603951524,0.148896658,0.687051739,0.869544175
cat,1,Spotted,1,6,1,1,5,0,1,4,0.974499381,0.308163065,0.895561786,0.14095591,0.358837356
dog,1,Grey,0,5,1,0,2,1,1,2,0.049849749,0.968906535,0.035802514,0.845536071,0.919106229
dog,1,White,0,2,1,0,2,1,0,18,0.830832333,0.754538652,0.746883036,0.786878591,0.818926926
dog,1,Spotted,0,1,1,1,2,1,1,11,0.206000053,0.860487323,0.069043003,0.971793735,0.702724577
cat,1,Grey,1,6,1,1,5,0,1,18,0.590758252,0.378299191,0.044117135,0.435654158,0.375091044
dog,1,Brown,0,5,1,0,2,1,1,16,0.054126106,0.484159441,0.351234861,0.435138837,0.075132933
dog,1,Brown,1,3,1,1,5,1,1,16,0.752783661,0.150334085,0.028724761,0.308358683,0.908361608
cat,1,Grey,1,9,0,1,5,0,0,10,0.545933861,0.05046825,0.362196835,0.018666804,0.970756064
cat,1,White,1,6,1,1,2,0,1,3,0.341931802,0.278842036,0.087883069,0.248563748,0.636874837
dog,1,Spotted,0,5,1,1,2,1,0,1,0.503083084,0.252693492,0.341285107,0.913596751,0.440239092
cat,1,Grey,1,6,1,1,8,1,1,20,0.626512614,0.301116329,0.476412363,0.328798055,0.356862057
dog,1,White,0,1,1,1,2,1,1,20,0.536801683,0.098191609,0.680852293,0.497611229,0.519790889
dog,1,Brown,0,2,0,0,2,1,0,20,0.526681511,0.057245511,0.768715466,0.437954264,0.234992569
cat,1,White,1,7,1,1,5,0,1,2,0.180417349,0.261269405,0.457763541,0.289453407,0.713901359
cat,1,White,1,4,1,1,3,0,1,19,0.425538429,0.33298542,0.526081478,0.119383885,0.913610178
cat,1,White,1,7,0,1,3,0,1,12,0.012663495,0.715379735,0.142245383,0.627805118,0.853684515
dog,1,Grey,1,4,1,1,2,1,1,3,0.426420288,0.267379556,0.039400477,0.365213748,0.177401861
dog,1,Brown,0,1,1,1,2,1,0,8,0.92662534,0.256135264,0.036059349,0.671036007,0.637449373
dog,1,White,1,2,1,1,2,1,0,15,0.744573144,0.005524924,0.643582925,0.496891042,0.325154972
dog,1,Spotted,0,3,1,1,2,1,0,6,0.806531906,0.625961078,0.62763504,0.678666042,0.414138416
dog,1,Spotted,1,1,1,1,2,1,1,16,0.869766472,0.35226986,0.999253446,0.754801806,0.843337574
dog,1,Brown,1,1,1,1,2,1,0,15,0.202946322,0.749180163,0.72261711,0.666533297,0.287857227
cat,1,Grey,1,6,0,1,8,1,1,18,0.701409262,0.86767211,0.421409858,0.622694995,0.715718382
cat,1,Spotted,1,6,0,1,3,0,1,8,0.240714653,0.528752537,0.276841631,0.486387383,0.454393144
dog,1,Brown,0,3,1,1,2,1,1,4,0.308723625,0.763877866,0.195501782,0.846835098,0.596120059
dog,1,Brown,1,3,1,1,2,1,0,4,0.345353134,0.230694586,0.419605787,0.446911441,0.413057952
dog,1,Grey,0,2,1,1,2,1,0,2,0.574104151,0.411860035,0.197465661,0.604949375,0.577691203
cat,1,Grey,1,8,0,1,8,0,1,3,0.739853396,0.152233989,0.968695885,0.817968267,0.459212401
dog,1,Spotted,0,3,1,1,2,0,1,4,0.122409074,0.513363805,0.61574988,0.405703251,0.604185488
cat,1,Spotted,1,8,1,0,8,0,0,18,0.866347182,0.340623033,0.740045627,0.547922212,0.788838555
dog,1,White,1,1,1,1,2,1,1,4,0.12783988,0.414545259,0.114173413,0.970964429,0.998064127
dog,1,Spotted,0,3,1,1,2,1,0,9,0.000165239,0.657477221,0.494516831,0.202185587,0.420142058
dog,1,Grey,1,2,1,1,2,0,1,3,0.526357004,0.029281198,0.988887642,0.643048953,0.111130309
cat,1,Grey,1,6,0,1,10,0,1,1,0.622298349,0.380247224,0.201666732,0.099875091,0.335086931
dog,1,White,1,2,1,1,2,1,0,16,0.106663091,0.560940083,0.000222215,0.718822793,0.867517392
cat,1,White,1,3,0,1,3,0,1,18,0.371890121,0.547000953,0.137966116,0.180388117,0.987265988
dog,1,Spotted,0,3,1,1,2,1,1,19,0.53201092,0.125031934,0.620089117,0.656290761,0.839294143
cat,1,Brown,1,8,1,1,5,0,0,17,0.412326981,0.994330536,0.391338247,0.987952623,0.716653894
dog,1,Spotted,0,3,1,1,3,1,1,1,0.319176916,0.782599673,0.319239008,0.195014792,0.428360031
cat,1,Grey,1,6,1,1,5,0,1,9,0.817935817,0.162767275,0.076753393,0.609123806,0.945890469
dog,1,Brown,0,6,1,1,2,1,1,2,0.106857238,0.61179258,0.607525579,0.74340524,0.344100729
dog,1,Brown,1,1,1,0,2,0,1,14,0.727297796,0.436824058,0.903659267,0.659729485,0.202691635
cat,1,Spotted,0,9,0,1,5,0,1,5,0.616883141,0.192856633,0.4904702,0.552974494,0.611430764
dog,1,Spotted,1,1,0,1,2,0,1,2,0.909656986,0.975350016,0.260604561,0.042956225,0.202929042
dog,1,Brown,1,1,1,1,2,1,1,19,0.770216852,0.719866524,0.432567043,0.528558049,0.353952106
dog,1,Grey,0,4,1,1,2,1,0,9,0.587709385,0.108642235,0.295018922,0.656428225,0.010097428
cat,1,Spotted,1,6,1,1,10,0,1,18,0.439082619,0.447000126,0.81109946,0.888856393,0.512349115
dog,1,Spotted,0,9,1,1,2,1,1,5,0.649796615,0.179320883,0.737851311,0.445890845,0.618051358
cat,1,Brown,1,6,1,1,5,0,1,16,0.968595607,0.849586659,0.004712515,0.445759278,0.802084855
dog,1,Brown,1,3,1,1,2,1,0,11,0.280236013,0.444402,0.460464129,0.944005343,0.868828985
dog,1,Black,0,1,1,0,2,1,0,12,0.096988874,0.146945211,0.910260307,0.492329136,0.646985563
dog,1,Brown,1,7,0,1,2,1,0,16,0.157211592,0.178812111,0.298929472,0.914444876,0.936521661
dog,1,Grey,1,3,1,1,2,1,1,2,0.597831563,0.279442305,0.307496855,0.958752535,0.634095724
dog,1,White,1,3,1,0,3,1,0,16,0.078291946,0.396940925,0.701957573,0.003037903,0.821977939
cat,1,Grey,1,9,1,1,3,0,0,18,0.2964832,0.74977794,0.9219879,0.908453718,0.40674885
dog,1,Brown,1,4,1,1,2,1,1,17,0.372108924,0.990327583,0.724005264,0.935602244,0.065833146
dog,1,Brown,0,5,1,1,2,1,0,2,0.108666355,0.028211452,0.731708896,0.892403043,0.096659649
dog,1,Brown,1,2,1,1,2,1,1,8,0.402479573,0.452923662,0.283923376,0.979566213,0.108863408
dog,1,Grey,0,2,1,1,2,0,1,20,0.045937219,0.082498841,0.4715537,0.187910312,0.183909406
dog,1,Grey,0,2,1,0,2,1,0,14,0.174561931,0.509637093,0.666647231,0.891514665,0.573948635
cat,1,Spotted,1,4,1,1,8,0,1,1,0.453391254,0.846249548,0.252061926,0.598465054,0.242420709
cat,1,Grey,1,10,1,1,3,0,1,5,0.80743438,0.864475426,0.5239203,0.095086681,0.554596091
dog,1,Spotted,0,1,1,0,2,1,0,10,0.138040474,0.394067833,0.542163722,0.353589296,0.153253939
cat,1,White,1,5,1,1,3,0,1,20,0.360242393,0.822997702,0.854087418,0.144826564,0.814342035
dog,1,Grey,1,1,1,1,2,0,1,17,0.284234427,0.375120748,0.818191079,0.07568921,0.771725618
dog,1,White,1,2,1,1,2,1,0,10,0.03847794,0.736506702,0.393854571,0.618593886,0.500450956
dog,1,Spotted,0,1,1,1,2,1,1,19,0.246607996,0.111204544,0.918802949,0.809301575,0.024002954
dog,1,Spotted,1,1,1,1,2,1,0,16,0.904060842,0.512357202,0.460851071,0.076219928,0.307192007
dog,1,Grey,0,1,1,1,2,1,0,12,0.896642166,0.980026765,0.050710291,0.642168465,0.856575445
dog,1,White,1,5,1,0,2,0,1,14,0.873644168,0.80389312,0.965317986,0.549226451,0.555227001
dog,1,Grey,0,1,1,0,2,1,1,10,0.283261134,0.612139069,0.681214863,0.7545469,0.354956807
dog,1,Grey,0,5,1,1,2,1,1,4,0.799398897,0.215471026,0.724130826,0.08687257,0.142449621
cat,1,Grey,1,7,0,1,8,1,0,19,0.743459781,0.466808656,0.488447221,0.881160614,0.612756441
dog,1,Brown,1,2,1,0,2,1,1,5,0.717330019,0.92672452,0.188199327,0.815973053,0.934943607
dog,1,White,0,5,0,0,2,1,1,17,0.687261632,0.713450016,0.65554574,0.601535075,0.146290334
dog,1,Grey,0,7,1,1,2,1,0,4,0.560794424,0.536686551,0.468201061,0.986919432,0.246458472
cat,1,Spotted,1,3,1,1,3,0,1,19,0.360884029,0.858670055,0.367287902,0.955746482,0.740122019
dog,1,Brown,0,10,1,0,2,1,1,18,0.464285503,0.94867472,0.645122732,0.388371017,0.107659032
dog,1,White,0,3,1,1,2,1,0,15,0.129938839,0.304898206,0.248934113,0.011596084,0.902404194
dog,1,Grey,1,4,1,1,2,1,1,1,0.566745768,0.803986358,0.765312145,0.514498051,0.412929072
cat,1,Grey,1,7,1,1,5,0,1,16,0.627619464,0.352210662,0.962237279,0.719562304,0.010542047
cat,1,Spotted,1,7,1,1,5,0,1,5,0.155408218,0.751258372,0.23372536,0.504535299,0.248793531
cat,1,Black,1,7,1,1,10,0,1,20,0.015343889,0.740540238,0.463415471,0.562107059,0.295217714
cat,1,Spotted,1,10,0,1,5,0,0,20,0.058930053,0.257453585,0.233232123,0.191289512,0.015444117
dog,1,Brown,1,1,1,1,2,1,0,1,0.944168883,0.728441696,0.823380317,0.616781528,0.732502998
dog,1,Brown,1,1,1,1,3,1,0,12,0.290072286,0.312560784,0.399780436,0.006468752,0.519374376
cat,1,Spotted,1,6,1,1,3,1,0,9,0.265717823,0.965404951,0.155315868,0.80031964,0.183662973
dog,1,Grey,1,1,1,1,2,1,1,7,0.742699032,0.643267649,0.614910318,0.822724015,0.67590924
dog,1,Spotted,1,1,1,0,2,1,1,3,0.403803504,0.329452879,0.566032731,0.265642875,0.224946663
cat,1,Grey,0,10,1,1,3,0,0,6,0.069346784,0.15496899,0.239790829,0.001405667,0.923431264
dog,1,Spotted,0,1,1,1,2,1,1,1,0.156312663,0.73134535,0.481174419,0.687381485,0.679443699
dog,1,White,1,2,1,1,2,0,0,6,0.636133927,0.411332997,0.222324621,0.226376246,0.949406984
dog,1,Brown,0,3,0,1,2,0,1,5,0.818970517,0.239717059,0.168221796,0.382673307,0.424128515
cat,1,White,1,3,0,1,5,0,1,3,0.536039724,0.222986767,0.09581737,0.174260833,0.898452417
dog,1,Spotted,0,1,1,1,2,1,0,7,0.854165518,0.701496316,0.144546031,0.293363789,0.14716667
dog,1,Spotted,0,10,1,1,2,1,0,5,0.428883708,0.030778829,0.650023643,0.244208316,0.292055062
dog,1,White,0,1,1,1,2,1,0,1,0.922052799,0.394005399,0.507415292,0.173665135,0.18070763
dog,1,Brown,1,3,1,1,2,1,1,7,0.235694177,0.099523109,0.116802606,0.379826423,0.065846079
dog,1,White,0,1,1,1,2,1,0,7,0.320894084,0.595270209,0.256309783,0.292678897,0.267182761
dog,1,White,1,3,1,1,2,1,0,8,0.126979433,0.342293256,0.033426221,0.414190337,0.970738028
dog,1,Brown,0,1,1,1,2,1,1,17,0.998025678,0.007839873,0.887815385,0.153734701,0.519444171
cat,1,Grey,1,4,1,1,5,0,1,19,0.378571524,0.246439608,0.599653235,0.944616976,0.74409086
cat,1,Grey,1,6,1,1,3,0,1,9,0.625097106,0.887762597,0.101788009,0.483011018,0.084227836
cat,1,Grey,1,7,0,1,3,1,1,20,0.400587502,0.613175225,0.575085835,0.658773341,0.952149105
dog,1,Grey,0,3,1,1,2,1,1,3,0.472802201,0.353547457,0.703972374,0.181663798,0.474915195
dog,1,White,0,5,1,1,2,1,0,19,0.465463503,0.698690798,0.381720452,0.417570715,0.513381425
dog,1,Spotted,0,5,1,1,2,1,0,4,0.280577406,0.448115475,0.988605071,0.010107774,0.791514454
dog,1,White,0,2,1,1,3,1,0,4,0.721500824,0.51473427,0.86827969,0.540636031,0.193220483
dog,1,Grey,0,9,1,0,2,1,0,5,0.337167505,0.266072772,0.363795317,0.637768499,0.438017552
cat,1,White,1,6,1,1,8,1,1,3,0.60674985,0.942654793,0.884402097,0.098455452,0.07366597
cat,1,Grey,1,4,0,1,10,0,0,17,0.281340393,0.808721358,0.241700698,0.995752835,0.077641424
cat,1,Black,1,7,0,1,5,0,0,1,0.688684465,0.048170815,0.943481187,0.690359194,0.538918667
dog,1,White,0,3,1,1,2,1,1,4,0.96631329,0.992942878,0.823622592,0.294604453,0.052149169
dog,1,Brown,1,3,1,1,2,1,0,17,0.517522887,0.058851042,0.207221335,0.607744052,0.083654372
dog,1,Grey,1,4,1,1,2,1,0,20,0.160784784,0.208415068,0.468774393,0.650673246,0.791629871
dog,1,Spotted,0,4,1,1,2,1,0,12,0.785653353,0.837353018,0.639040481,0.352699768,0.428086032
dog,1,White,1,5,1,1,2,1,1,9,0.230929645,0.081962875,0.071319408,0.353164134,0.664357329
dog,1,Brown,0,2,1,1,2,1,1,20,0.201499257,0.464457749,0.86482299,0.328814031,0.619726841
dog,1,Brown,1,1,1,1,2,1,1,16,0.406912947,0.869655569,0.863575208,0.261324283,0.448672569
dog,1,Brown,1,5,0,0,2,1,1,20,0.982625367,0.35948303,0.331480415,0.862145574,0.072771239
dog,1,Grey,1,3,1,1,2,1,1,20,0.367403283,0.402041821,0.741977047,0.997701535,0.193991875
cat,1,White,1,7,1,1,5,0,1,17,0.687909182,0.928702491,0.70482985,0.740622687,0.502887532
cat,1,Black,1,7,1,1,10,0,1,20,0.120098957,0.898401121,0.678080813,0.260389306,0.930641899
dog,1,Spotted,0,2,1,1,2,1,1,2,0.169664312,0.600868592,0.772638984,0.451053545,0.234712847
dog,1,Grey,0,1,1,1,2,1,0,12,0.732559618,0.58313835,0.462405271,0.491951199,0.985875977
dog,1,Grey,1,3,1,1,2,0,1,16,0.748481288,0.231953957,0.033632502,0.197719474,0.30149853
cat,1,Black,0,3,1,1,5,0,0,17,0.296095351,0.578494603,0.055471522,0.007552687,0.668301786
cat,1,Black,1,7,0,1,5,0,1,20,0.981241563,0.288562161,0.204789966,0.328528082,0.497830514
dog,1,Brown,1,1,1,1,2,1,0,14,0.542412047,0.121740253,0.56556749,0.274099845,0.682968385
dog,1,Brown,1,2,1,1,8,1,1,15,0.260013792,0.622996189,0.931315315,0.809960816,0.306346719
dog,1,Brown,1,1,1,1,2,1,1,16,0.628202674,0.757171262,0.113402916,0.810266566,0.291851773
cat,1,Spotted,1,8,1,1,5,0,1,1,0.90086341,0.665392638,0.734693188,0.513586539,0.058086982
dog,1,Brown,0,2,1,1,2,1,1,17,0.587501707,0.161105616,0.248656062,0.524660954,0.303782538
cat,1,Spotted,1,7,1,1,3,0,1,20,0.368955039,0.964648788,0.614266573,0.692326015,0.704442994
cat,1,Spotted,1,6,1,1,3,0,1,19,0.227408234,0.428404404,0.225664103,0.723007832,0.915302499
dog,1,Brown,0,3,1,1,2,0,1,4,0.09786189,0.776484676,0.090430164,0.619458061,0.275228939
dog,1,Brown,1,1,1,1,10,1,1,5,0.847809621,0.065133827,0.184905499,0.614627705,0.424860437
dog,1,Grey,0,3,1,1,2,1,1,1,0.470856859,0.253528944,0.304070344,0.327324772,0.655532385
dog,1,Grey,0,1,1,1,2,1,1,19,0.225528694,0.722962732,0.136612883,0.717054472,0.681320878
dog,1,Brown,0,3,1,1,2,1,0,15,0.110266977,0.119774555,0.296070547,0.107622759,0.58260135
cat,1,Grey,1,7,1,1,5,0,1,18,0.437300142,0.369334282,0.517329104,0.86935295,0.511507484
dog,1,Brown,0,6,1,1,2,1,1,19,0.31947325,0.705218695,0.474717555,0.315209321,0.173197381
dog,1,Brown,1,3,1,1,2,1,0,1,0.982550145,0.375432155,0.675579241,0.011832227,0.732152143
dog,1,Brown,1,2,1,1,2,1,0,13,0.092863983,0.965123304,0.924012661,0.801612561,0.782538904
cat,1,White,1,10,0,1,5,0,1,18,0.217289795,0.170050317,0.027501094,0.994041326,0.302479027
cat,1,White,1,9,1,1,3,0,1,6,0.287680227,0.847834351,0.229141584,0.641299571,0.55933023
dog,1,Grey,0,2,1,1,2,1,1,4,0.136540339,0.476987596,0.173545406,0.60864844,0.502447303
dog,1,Grey,0,8,1,0,3,1,1,3,0.277526366,0.579340851,0.956349044,0.229317033,0.318233377
dog,1,Brown,0,4,1,1,2,0,0,3,0.465753415,0.334643582,0.07253108,0.051417415,0.657283565
cat,1,Spotted,1,7,1,1,3,1,1,3,0.972724105,0.335108581,0.940969463,0.126443479,0.493288012
cat,1,Grey,1,8,1,1,10,1,1,20,0.67796559,0.112615719,0.296354109,0.28472048,0.365856038
dog,1,White,1,3,1,1,2,1,1,19,0.658044169,0.596750866,0.938255202,0.296459479,0.139717746
cat,1,Black,1,6,1,1,8,0,1,15,0.900771954,0.647807349,0.645860404,0.382180607,0.398232214
cat,1,Spotted,1,6,0,1,5,0,1,6,0.316303196,0.32820174,0.332692617,0.000592303,0.140223598
cat,1,Black,1,10,0,1,3,0,0,18,0.71946987,0.160799963,0.610628569,0.617141484,0.457593022
dog,1,Grey,0,1,1,1,3,1,1,20,0.238372396,0.136731898,0.877366499,0.280287526,0.956878535
dog,1,Spotted,1,3,1,1,2,1,0,19,0.509654503,0.956135051,0.261522782,0.17953591,0.784190403
dog,1,Brown,1,8,1,1,2,1,1,9,0.099818921,0.968320634,0.197929492,0.278207619,0.755423928
dog,1,Grey,0,4,1,0,2,1,1,1,0.111609245,0.875481266,0.544614646,0.892940833,0.892891359
dog,1,Brown,0,1,1,1,2,1,0,8,0.730670582,0.083215504,0.2230543,0.577155443,0.437071987
dog,1,Spotted,1,1,1,1,2,1,1,17,0.548608261,0.406335869,0.516138976,0.964151847,0.82541037
dog,1,White,0,5,1,0,3,1,1,7,0.208404072,0.778698724,0.014953427,0.903159572,0.701849236
cat,1,Spotted,1,6,1,1,5,1,1,6,0.841165255,0.537661675,0.330275367,0.276516441,0.266741911
dog,1,Spotted,0,1,0,0,2,1,0,19,0.496171011,0.846951642,0.736431812,0.142107472,0.486392729
cat,1,White,1,7,0,1,5,0,1,10,0.692392367,0.531812513,0.078324217,0.172300213,0.748912578
dog,1,Spotted,0,8,1,1,2,1,1,3,0.478592767,0.62796185,0.66749868,0.058225993,0.562081188
dog,1,Brown,0,2,1,1,2,1,0,7,0.332744468,0.413913758,0.507005329,0.974970568,0.026375381
dog,1,Brown,0,2,1,1,2,1,1,5,0.307588343,0.622213811,0.945942863,0.564358649,0.216664062
dog,1,Spotted,1,3,1,1,2,1,1,2,0.148101832,0.036094083,0.732053894,0.80032936,0.111533352
dog,1,White,0,2,1,1,2,1,0,2,0.925098761,0.609963929,0.594761301,0.621590444,0.54518282
dog,1,Brown,0,1,1,1,2,1,1,1,0.386237637,0.736109898,0.831572416,0.482492817,0.950178912
dog,1,Grey,0,1,1,1,2,1,1,17,0.872396246,0.750045743,0.066368537,0.128711278,0.18882638
cat,1,Black,1,7,1,1,5,1,1,20,0.349495074,0.556720828,0.521363035,0.86274323,0.254002338
cat,1,White,1,9,1,1,3,0,1,3,0.933576985,0.668280451,0.218017535,0.900942945,0.825178488
dog,1,Grey,1,3,1,1,2,0,0,2,0.542371345,0.341237771,0.479019916,0.042421257,0.521100312
dog,1,White,1,4,1,1,2,0,1,10,0.010654747,0.772768419,0.041205083,0.077678178,0.335221768
cat,1,White,1,6,0,1,5,0,1,7,0.090519059,0.502674692,0.37356926,0.442096162,0.708075887
cat,1,Grey,1,5,1,1,8,0,0,17,0.011159343,0.285620508,0.489545786,0.292480538,0.7200957
dog,1,White,1,1,1,1,2,1,1,1,0.412207588,0.05796889,0.288771734,0.783684329,0.461515288
cat,1,Spotted,1,7,1,1,5,0,1,4,0.836725354,0.820733489,0.311679398,0.443175102,0.304682843
cat,1,Spotted,1,6,1,1,5,0,1,5,0.267655507,0.889799711,0.854855753,0.689959713,0.238312391
dog,1,Spotted,1,4,1,1,2,0,1,3,0.227353963,0.773130367,0.315447106,0.929214448,0.873307442
dog,1,Grey,0,5,1,1,2,1,0,6,0.446922772,0.372887133,0.189598931,0.480555761,0.007739043
dog,1,Grey,0,4,1,1,2,1,0,19,0.316704648,0.720845485,0.433569106,0.472639139,0.585498689
cat,1,White,1,7,1,1,3,1,1,2,0.857664034,0.347406339,0.336743487,0.477777977,0.768449034
dog,1,Grey,0,2,1,1,2,1,1,10,0.367205865,0.631254404,0.540281003,0.368146965,0.328671356
dog,1,Spotted,1,1,1,1,2,0,0,2,0.979428353,0.88381084,0.416172619,0.94097024,0.874547219
dog,1,Brown,0,2,1,1,2,1,1,19,0.048775601,0.730437641,0.131706402,0.380545018,0.429159199
dog,1,Spotted,0,1,1,1,2,1,0,19,0.156794029,0.043015136,0.170969265,0.903571084,0.881991173
dog,1,Grey,1,1,1,1,2,1,0,1,0.231965145,0.51031752,0.255385584,0.258794816,0.52521695
cat,1,Grey,1,7,1,1,5,0,1,20,0.559233691,0.740459417,0.415034334,0.739716897,0.916381388
dog,1,Brown,1,1,1,1,2,1,0,3,0.750626049,0.359601543,0.801888536,0.473057522,0.181340743
cat,1,White,1,7,1,1,3,0,1,11,0.948748009,0.390353415,0.17334405,0.421898942,0.563505934
dog,1,Spotted,1,4,1,1,2,1,1,5,0.578077439,0.620380165,0.640320898,0.743273836,0.214608387
dog,1,Spotted,1,1,1,1,2,1,1,20,0.602592484,0.1633056,0.478757827,0.239240559,0.971083169
cat,1,Black,1,7,0,1,5,0,1,6,0.146272408,0.217742317,0.949762767,0.921751249,0.778699068
dog,1,Grey,0,3,1,1,2,1,0,3,0.599797101,0.087458188,0.594978567,0.891175957,0.615449573
cat,1,Grey,1,7,1,1,5,0,1,10,0.964481433,0.451967702,0.528466407,0.580149486,0.705606825
cat,1,Black,0,9,1,1,5,0,1,1,0.286563294,0.860052024,0.586106401,0.475991768,0.400775065
cat,1,White,1,7,1,1,5,0,1,6,0.994032155,0.99448139,0.525445063,0.026952333,0.876196537
dog,1,White,0,2,1,1,2,1,1,11,0.812169902,0.744464277,0.166042786,0.633356383,0.182290756
cat,1,Spotted,1,7,1,1,5,0,1,2,0.497087322,0.406580219,0.438059479,0.195266641,0.704432742
dog,1,Spotted,0,3,1,1,2,1,0,4,0.634280278,0.246450896,0.08629502,0.796320059,0.813272408
cat,1,Grey,0,7,1,1,5,0,1,1,0.725424438,0.832389729,0.380138017,0.918088545,0.326885663
cat,1,Grey,1,10,1,1,5,0,1,10,0.097186225,0.103732436,0.176737383,0.322191436,0.741885464
cat,0,Grey,1,6,1,1,10,1,1,20,0.692527731,0.395129224,0.350183673,0.298761739,0.686260263
cat,1,Grey,1,7,1,1,5,1,1,5,0.973357994,0.028322231,0.912868494,0.732310247,0.535836793
cat,1,Spotted,1,5,0,1,5,0,1,4,0.144734149,0.708783336,0.492974291,0.170001826,0.759794411
dog,1,Brown,1,5,0,1,2,1,0,16,0.432710589,0.181803587,0.981209317,0.159518374,0.389564068
dog,1,Grey,1,4,1,1,2,1,1,16,0.21287228,0.738069753,0.905999156,0.844477885,0.730913709
cat,1,Black,1,6,1,1,5,0,1,10,0.438843166,0.690113625,0.258991801,0.388120722,0.853757864
cat,1,White,1,8,1,1,5,0,1,11,0.620041202,0.317842801,0.457526695,0.010191598,0.865059388
dog,1,Grey,0,3,1,1,2,1,1,17,0.084686703,0.816484215,0.516149427,0.231192466,0.911117099
dog,1,Brown,1,2,1,0,2,1,0,5,0.208533597,0.083061481,0.293652194,0.604708323,0.245587713
dog,1,Brown,0,1,1,1,2,1,1,10,0.492265151,0.806439022,0.995224035,0.685667899,0.655965362
cat,0,White,1,5,1,1,5,0,0,19,0.454660756,0.829400326,0.750256529,0.027313664,0.128452007
dog,1,Brown,0,1,1,1,2,1,0,14,0.486458401,0.563849817,0.080468551,0.745738275,0.697494041
dog,1,Brown,0,4,1,1,2,1,1,16,0.38787544,0.552986585,0.255337969,0.824355263,0.593571981
dog,1,Black,1,4,0,1,2,1,1,9,0.955616906,0.521235117,0.482002015,0.312956997,0.270033237
dog,1,Grey,0,2,1,1,2,1,1,3,0.248595937,0.626846969,0.181822765,0.777518807,0.018229645
dog,1,Grey,0,1,1,1,2,1,1,16,0.913378786,0.778124571,0.227291942,0.999415187,0.379604912
dog,1,Brown,0,4,1,1,2,1,0,17,0.887860273,0.274861947,0.97639779,0.337988713,0.569045446
dog,1,Brown,0,1,1,1,2,1,0,18,0.482104086,0.570410167,0.507327231,0.429513835,0.491431886
cat,1,Spotted,1,7,1,1,5,0,1,13,0.874274056,0.503326258,0.567946098,0.758539126,0.400921964
dog,1,Brown,1,3,1,1,2,1,1,17,0.4441802,0.288434937,0.696155295,0.340270737,0.48188848
dog,1,Grey,0,2,1,1,2,1,1,17,0.097012262,0.551149865,0.770092144,0.321935661,0.839645932
dog,1,Grey,0,2,1,1,2,1,1,4,0.606592942,0.424407314,0.141950458,0.656649706,0.801021004
cat,1,White,1,7,0,1,5,1,1,13,0.889096402,0.677749068,0.553137829,0.292418378,0.675395238
dog,1,Brown,0,1,1,1,2,1,0,8,0.178216159,0.600153275,0.154662926,0.673724045,0.565077479
dog,1,Spotted,0,1,1,1,2,1,1,5,0.444524207,0.288735189,0.795671055,0.196483757,0.088715018
cat,1,Spotted,1,8,1,1,8,0,1,18,0.370782619,0.923949876,0.082371641,0.652383323,0.358102866
dog,1,Brown,0,2,1,1,2,1,1,9,0.458273923,0.633263965,0.758916706,0.174580226,0.261430481
dog,1,Spotted,1,3,1,1,2,1,0,7,0.776184665,0.802808094,0.898869065,0.801264868,0.147751885
dog,1,Brown,0,2,1,1,3,1,0,17,0.029167319,0.778788996,0.752728768,0.3207282,0.412958215
dog,1,Grey,0,3,0,1,2,1,1,18,0.543768421,0.100447042,0.222133618,0.801276825,0.114939041
dog,1,Spotted,1,1,1,1,2,1,1,10,0.303668254,0.032484964,0.28967495,0.526335179,0.945321619
dog,1,Spotted,0,2,1,1,2,1,1,19,0.125530711,0.136979694,0.167601864,0.295692592,0.411152298
dog,1,Spotted,1,4,1,1,3,1,0,2,0.480464507,0.064369426,0.021291457,0.92491477,0.364730019
dog,1,Brown,0,2,1,1,2,1,1,14,0.98913625,0.304977394,0.376480018,0.842465047,0.340816513
cat,1,Grey,1,8,0,0,2,1,1,1,0.499109117,0.93768225,0.263247723,0.016244975,0.153780536
dog,1,Spotted,1,3,1,0,2,1,1,7,0.029806014,0.641986622,0.233398835,0.561861273,0.97364879
dog,1,Brown,0,10,1,1,2,1,0,19,0.825644731,0.594103727,0.288759028,0.247746373,0.656097555
dog,1,Grey,1,4,1,1,2,1,1,5,0.94901678,0.911484559,0.78435608,0.607141805,0.26455267
cat,1,White,1,6,1,1,8,0,1,1,0.062158277,0.213443872,0.783138422,0.532990324,0.364774196
dog,1,Grey,1,2,1,1,2,1,0,16,0.723102949,0.763701414,0.550747361,0.151132421,0.782527533
cat,1,Spotted,1,3,0,1,5,0,0,6,0.723387359,0.76433162,0.612654603,0.199850887,0.277317384
dog,1,Spotted,0,1,1,1,2,1,1,18,0.850397534,0.704092726,0.888501233,0.807030777,0.84447651
dog,1,Grey,0,5,1,1,2,1,1,4,0.979668179,0.868043661,0.913004162,0.620110042,0.474860582
cat,1,Grey,1,6,0,1,5,0,1,2,0.683867172,0.028062065,0.6328079,0.116165682,0.626573635
dog,1,Grey,1,2,1,1,2,1,1,4,0.988820308,0.137372528,0.002039315,0.634771144,0.807952922
dog,1,Grey,0,2,1,1,2,1,0,2,0.959979694,0.424411222,0.159701397,0.940101413,0.507391458
dog,1,Spotted,1,3,1,1,3,1,0,14,0.710407461,0.67891855,0.960615957,0.315070103,0.051543033
dog,1,Grey,0,5,1,1,2,1,1,8,0.960863345,0.130840626,0.276339483,0.455758192,0.700073604
dog,1,Spotted,0,5,0,0,2,1,0,8,0.676751169,0.011510168,0.994070163,0.221875567,0.85936117
dog,1,Grey,0,8,1,0,2,1,1,5,0.020700614,0.79471205,0.400746274,0.255419065,0.348653345
dog,1,Brown,0,3,1,1,2,1,1,20,0.011183979,0.609857432,0.750071487,0.241436624,0.819264081
dog,1,Brown,1,1,1,1,2,1,1,10,0.881373971,0.155993419,0.902803691,0.037878452,0.912763932
dog,1,Grey,0,10,1,1,2,1,1,8,0.134121766,0.354862835,0.155121323,0.832556216,0.309925563
cat,1,Grey,1,7,1,1,5,0,1,17,0.68759349,0.685836426,0.015988325,0.263073835,0.787244103
cat,1,Black,1,6,1,1,5,1,1,16,0.646367464,0.805051316,0.478953438,0.010370969,0.842767079
dog,1,Brown,0,8,1,0,2,1,1,3,0.746576426,0.605378178,0.202096381,0.145331501,0.880074117
dog,1,Brown,0,1,1,1,2,0,1,5,0.794876664,0.74204432,0.774732537,0.25452757,0.342109573
cat,1,Black,1,6,1,1,5,0,1,2,0.935114379,0.749940079,0.303850602,0.095308441,0.71581297
dog,1,Grey,1,1,1,1,2,1,1,5,0.740879954,0.488607316,0.603709791,0.826797087,0.614959237
cat,1,Spotted,1,6,1,1,10,0,1,9,0.42806618,0.583869607,0.65147606,0.858974626,0.456704023
cat,1,White,1,9,0,0,8,0,1,8,0.419780692,0.301309229,0.541036993,0.391416734,0.243703294
cat,1,Grey,1,6,0,1,5,0,0,8,0.445461434,0.68953666,0.054124125,0.324810164,0.868604791
cat,1,White,1,7,1,1,5,0,1,3,0.225206246,0.024003956,0.308113431,0.413837985,0.67645868
cat,1,Brown,1,7,1,1,10,0,1,4,0.699006767,0.675942868,0.029475435,0.849158604,0.648039477
dog,1,Brown,1,3,1,0,2,1,0,17,0.690317079,0.843784711,0.222884885,0.604614591,0.405513392
dog,1,Grey,0,1,1,1,2,1,0,5,0.272092698,0.115921814,0.384186817,0.647847606,0.176204606
dog,1,Grey,1,4,1,1,2,1,0,16,0.653368502,0.475748317,0.101687673,0.970400726,0.922290901
dog,1,Brown,1,2,1,1,2,1,0,17,0.609638482,0.111119141,0.565802975,0.806128952,0.759187176
dog,1,Spotted,0,4,1,1,2,1,1,15,0.351115257,0.884289501,0.455544446,0.029389602,0.598901136
dog,1,White,0,5,1,0,2,1,0,3,0.69396193,0.557464509,0.904862141,0.076065001,0.885654482
cat,1,White,1,4,0,1,5,0,1,3,0.408183702,0.522922301,0.701403834,0.889569329,0.370558813
dog,1,Brown,1,4,1,1,2,1,0,18,0.465377099,0.237986745,0.551290166,0.450945388,0.400615513
cat,1,White,1,7,0,1,5,1,1,3,0.447523554,0.045026527,0.010040478,0.399892777,0.905852789
dog,1,White,1,2,1,1,2,1,1,3,0.592843218,0.524397074,0.104660243,0.302268292,0.663974564
cat,1,Black,1,10,1,1,5,0,1,20,0.107482617,0.139848312,0.02906578,0.172282177,0.346088822
cat,1,Spotted,1,8,1,1,10,0,1,19,0.049309528,0.734274213,0.95140312,0.343022701,0.721570781
dog,1,Brown,1,2,1,1,2,1,0,17,0.472842059,0.616415815,0.600005662,0.723225272,0.674826637
cat,1,Brown,1,7,0,1,3,1,1,4,0.153512334,0.480978535,0.515889358,0.00518465,0.480483881
dog,1,Grey,1,3,0,1,5,1,0,19,0.809976406,0.075995403,0.680562288,0.034302705,0.211822962
dog,1,Grey,0,6,1,1,2,1,1,20,0.538951208,0.597418227,0.054414869,0.99016896,0.611805892
dog,1,Brown,0,2,1,1,2,1,0,12,0.80075574,0.529221902,0.357522249,0.439619355,0.629886822
dog,1,Grey,0,1,1,0,2,1,1,7,0.35278471,0.025835487,0.28245284,0.604142928,0.28637367
dog,1,Brown,0,1,0,0,2,0,1,9,0.896622007,0.549476012,0.411472856,0.260648705,0.136244566
dog,1,Grey,0,5,1,1,2,1,1,4,0.585835393,0.331513118,0.499261818,0.540836636,0.921297265
dog,1,Brown,1,1,1,1,10,1,0,4,0.540822491,0.425362114,0.071721632,0.174728804,0.219474571
dog,1,White,1,2,1,0,2,1,1,20,0.321672825,0.504625861,0.270048537,0.226554442,0.672826627
dog,1,White,1,2,1,1,2,1,1,9,0.734201346,0.958565961,0.2418539,0.7759756,0.439455269
cat,1,Spotted,1,8,1,1,5,0,1,4,0.641334388,0.48630248,0.062694755,0.196787158,0.122307819
dog,1,Grey,0,1,1,1,2,1,0,12,0.797416241,0.724436381,0.532281512,0.344978314,0.037730507
cat,1,Grey,1,9,0,1,8,1,0,17,0.74938047,0.491998423,0.384306394,0.286738664,0.097850743
dog,1,Grey,0,1,1,1,2,1,1,16,0.20125449,0.709987322,0.879420056,0.896644414,0.653253022
cat,1,Spotted,1,7,1,1,5,0,1,2,0.726539936,0.965392889,0.627455276,0.65522113,0.02701336
dog,1,Grey,1,2,1,0,2,1,1,11,0.972590314,0.846999381,0.46785733,0.544821399,0.649297608
dog,1,Spotted,0,1,1,1,2,1,0,9,0.458926081,0.732905966,0.771437436,0.36026844,0.004052115
cat,1,Grey,1,8,1,1,3,0,0,20,0.250067531,0.210500005,0.862756399,0.55566289,0.989103227
dog,1,Spotted,1,2,1,1,2,1,1,4,0.38811429,0.554644044,0.186982266,0.231106282,0.788789588
dog,1,Spotted,1,2,1,1,2,1,1,5,0.412646248,0.641107417,0.5160153,0.478939407,0.307324183
dog,1,Grey,1,2,1,0,2,1,0,6,0.810775392,0.740614228,0.100924863,0.380725248,0.933882579
dog,1,White,0,4,1,1,2,1,1,17,0.730957384,0.461140165,0.7770959,0.339150932,0.996932766
cat,1,Black,1,6,1,1,3,1,1,10,0.218544899,0.444944734,0.153117943,0.230024666,0.201909189
dog,1,Brown,0,5,1,0,2,1,0,18,0.990141399,0.647217035,0.274706838,0.706018039,0.682537897
dog,1,White,1,3,0,1,2,1,0,9,0.622198524,0.164304281,0.528575622,0.939912374,0.544644056
dog,1,Grey,0,2,1,1,2,1,1,12,0.011910363,0.767484657,0.928946296,0.417324641,0.003142955
dog,1,Spotted,0,3,1,1,5,1,1,17,0.936795582,0.774599903,0.35990594,0.939976291,0.717353626
dog,1,Brown,1,2,1,1,2,1,0,8,0.546917897,0.17851399,0.545074941,0.979022046,0.959108954
dog,1,Brown,0,1,1,1,2,1,1,17,0.78515992,0.297495538,0.827307838,0.691475339,0.949147269
cat,1,Black,1,6,1,1,3,1,1,4,0.067267769,0.840654877,0.036578446,0.008133157,0.408988027
dog,1,White,1,2,1,1,2,1,0,7,0.330738506,0.080169693,0.534053768,0.27325562,0.520822702
cat,1,Spotted,1,7,1,0,10,1,1,1,0.951328034,0.834370383,0.976403318,0.276283637,0.491796216
dog,1,Spotted,1,4,1,0,2,1,1,1,0.1151174,0.467714503,0.22630547,0.378325042,0.419227964
dog,1,Brown,0,3,1,0,8,1,1,4,0.911922912,0.167619689,0.17312747,0.810925346,0.713034673
dog,1,Grey,0,1,1,1,2,1,1,7,0.605202791,0.607656237,0.389649405,0.922983381,0.005991811
dog,1,Brown,1,3,0,1,2,1,1,4,0.308973881,0.021359415,0.071819402,0.307845899,0.707801857
dog,1,Spotted,1,2,1,0,2,1,1,17,0.583749789,0.325122405,0.478418474,0.853969255,0.646398678
cat,1,Spotted,1,8,1,1,3,0,1,9,0.357039221,0.008706377,0.339028526,0.202399303,0.406811738
dog,1,Grey,0,1,1,1,2,1,0,6,0.054482105,0.681451084,0.531577563,0.353639225,0.606179756
dog,1,Brown,0,6,1,1,2,0,0,16,0.879722836,0.876876253,0.238760574,0.654261659,0.741328852
dog,1,Brown,1,4,1,1,2,1,1,7,0.201241417,0.751556345,0.943326484,0.857784603,0.157231216
cat,1,Grey,1,6,0,1,5,0,1,5,0.697495174,0.032056766,0.159117493,0.415578323,0.561705297
dog,1,Spotted,0,8,1,1,2,1,1,1,0.455771436,0.08804805,0.405311747,0.245506728,0.921793711
dog,1,White,0,10,1,1,2,1,1,14,0.378098562,0.562524249,0.410398702,0.655171711,0.439059597
dog,1,Brown,0,5,1,1,2,1,0,6,0.540139338,0.880773003,0.635075368,0.318189329,0.748951994
dog,1,Spotted,1,2,1,1,2,0,0,6,0.049262983,0.088619119,0.150514599,0.044919266,0.238754451