{"__meta":{"schema_version":3,"schema_name":"GBMModelV3","schema_type":"GBMModel"},"model_id":{"__meta":{"schema_version":3,"schema_name":"ModelKeyV3","schema_type":"Key<Model>"},"name":"prostategbm2.hex","type":"Key<Model>","URL":"/3/Models/prostategbm2.hex"},"algo":"gbm","algo_full_name":"Gradient Boosting Machine","response_column_name":"CAPSULE","data_frame":{"__meta":{"schema_version":3,"schema_name":"FrameKeyV3","schema_type":"Key<Frame>"},"name":"RTMP_sid_86ce_185","type":"Key<Frame>","URL":"/3/Frames/RTMP_sid_86ce_185"},"timestamp":0,"algo":"gbm","algo_full_name":"Gradient Boosting Machine","model_id":{"__meta":{"schema_version":3,"schema_name":"ModelKeyV3","schema_type":"Key<Model>"},"name":"prostategbm2.hex","type":"Key<Model>","URL":"/3/Models/prostategbm2.hex"},"parameters":[{"__meta":{"schema_version":3,"schema_name":"ModelParameterSchemaV3","schema_type":"Iced"},"name":"model_id","label":"model_id","help":"Destination id for this model; auto-generated if not specified.","required":false,"type":"Key<Model>","default_value":null,"actual_value":{"__meta":{"schema_version":3,"schema_name":"ModelKeyV3","schema_type":"Key<Model>"},"name":"prostategbm2.hex","type":"Key<Model>","URL":"/3/Models/prostategbm2.hex"},"level":"critical","values":[],"is_member_of_frames":[],"is_mutually_exclusive_with":[],"gridable":false},{"__meta":{"schema_version":3,"schema_name":"ModelParameterSchemaV3","schema_type":"Iced"},"name":"training_frame","label":"training_frame","help":"Id of the training data frame (Not required, to allow initial validation of model parameters).","required":false,"type":"Key<Frame>","default_value":null,"actual_value":{"__meta":{"schema_version":3,"schema_name":"FrameKeyV3","schema_type":"Key<Frame>"},"name":"RTMP_sid_86ce_185","type":"Key<Frame>","URL":"/3/Frames/RTMP_sid_86ce_185"},"level":"critical","values":[],"is_member_of_frames":[],"is_mutually_exclusive_with":[],"gridable":false},{"__meta":{"schema_version":3,"schema_name":"ModelParameterSchemaV3","schema_type":"Iced"},"name":"validation_frame","label":"validation_frame","help":"Id of the validation data frame.","required":false,"type":"Key<Frame>","default_value":null,"actual_value":null,"level":"critical","values":[],"is_member_of_frames":[],"is_mutually_exclusive_with":[],"gridable":true},{"__meta":{"schema_version":3,"schema_name":"ModelParameterSchemaV3","schema_type":"Iced"},"name":"nfolds","label":"nfolds","help":"Number of folds for N-fold cross-validation (0 to disable or >= 2).","required":false,"type":"int","default_value":0,"actual_value":0,"level":"critical","values":[],"is_member_of_frames":[],"is_mutually_exclusive_with":[],"gridable":false},{"__meta":{"schema_version":3,"schema_name":"ModelParameterSchemaV3","schema_type":"Iced"},"name":"keep_cross_validation_predictions","label":"keep_cross_validation_predictions","help":"Whether to keep the predictions of the cross-validation models.","required":false,"type":"boolean","default_value":false,"actual_value":false,"level":"expert","values":[],"is_member_of_frames":[],"is_mutually_exclusive_with":[],"gridable":false},{"__meta":{"schema_version":3,"schema_name":"ModelParameterSchemaV3","schema_type":"Iced"},"name":"keep_cross_validation_fold_assignment","label":"keep_cross_validation_fold_assignment","help":"Whether to keep the cross-validation fold assignment.","required":false,"type":"boolean","default_value":false,"actual_value":false,"level":"expert","values":[],"is_member_of_frames":[],"is_mutually_exclusive_with":[],"gridable":false},{"__meta":{"schema_version":3,"schema_name":"ModelParameterSchemaV3","schema_type":"Iced"},"name":"score_each_iteration","label":"score_each_iteration","help":"Whether to score during each iteration of model training.","required":false,"type":"boolean","default_value":false,"actual_value":false,"level":"secondary","values":[],"is_member_of_frames":[],"is_mutually_exclusive_with":[],"gridable":false},{"__meta":{"schema_version":3,"schema_name":"ModelParameterSchemaV3","schema_type":"Iced"},"name":"score_tree_interval","label":"score_tree_interval","help":"Score the model after every so many trees. Disabled if set to 0.","required":false,"type":"int","default_value":0,"actual_value":0,"level":"secondary","values":[],"is_member_of_frames":[],"is_mutually_exclusive_with":[],"gridable":false},{"__meta":{"schema_version":3,"schema_name":"ModelParameterSchemaV3","schema_type":"Iced"},"name":"fold_assignment","label":"fold_assignment","help":"Cross-validation fold assignment scheme, if fold_column is not specified. The 'Stratified' option will stratify the folds based on the response variable, for classification problems.","required":false,"type":"enum","default_value":"AUTO","actual_value":"AUTO","level":"secondary","values":["AUTO","Random","Modulo","Stratified"],"is_member_of_frames":[],"is_mutually_exclusive_with":[],"gridable":true},{"__meta":{"schema_version":3,"schema_name":"ModelParameterSchemaV3","schema_type":"Iced"},"name":"fold_column","label":"fold_column","help":"Column with cross-validation fold index assignment per observation.","required":false,"type":"VecSpecifier","default_value":null,"actual_value":null,"level":"secondary","values":[],"is_member_of_frames":["training_frame"],"is_mutually_exclusive_with":["response_column","weights_column","ignored_columns","offset_column"],"gridable":true},{"__meta":{"schema_version":3,"schema_name":"ModelParameterSchemaV3","schema_type":"Iced"},"name":"response_column","label":"response_column","help":"Response variable column.","required":false,"type":"VecSpecifier","default_value":null,"actual_value":{"__meta":{"schema_version":3,"schema_name":"ColSpecifierV3","schema_type":"VecSpecifier"},"column_name":"CAPSULE","is_member_of_frames":null},"level":"critical","values":[],"is_member_of_frames":["training_frame","validation_frame"],"is_mutually_exclusive_with":["weights_column","ignored_columns","offset_column","fold_column"],"gridable":true},{"__meta":{"schema_version":3,"schema_name":"ModelParameterSchemaV3","schema_type":"Iced"},"name":"ignored_columns","label":"ignored_columns","help":"Names of columns to ignore for training.","required":false,"type":"string[]","default_value":null,"actual_value":["ID","DCAPS","PSA","VOL","GLEASON"],"level":"critical","values":[],"is_member_of_frames":["training_frame","validation_frame"],"is_mutually_exclusive_with":["response_column","weights_column","offset_column","fold_column"],"gridable":false},{"__meta":{"schema_version":3,"schema_name":"ModelParameterSchemaV3","schema_type":"Iced"},"name":"ignore_const_cols","label":"ignore_const_cols","help":"Ignore constant columns.","required":false,"type":"boolean","default_value":true,"actual_value":true,"level":"critical","values":[],"is_member_of_frames":[],"is_mutually_exclusive_with":[],"gridable":false},{"__meta":{"schema_version":3,"schema_name":"ModelParameterSchemaV3","schema_type":"Iced"},"name":"offset_column","label":"offset_column","help":"Offset column. This will be added to the combination of columns before applying the link function.","required":false,"type":"VecSpecifier","default_value":null,"actual_value":null,"level":"secondary","values":[],"is_member_of_frames":["training_frame","validation_frame"],"is_mutually_exclusive_with":["response_column","weights_column","ignored_columns","fold_column"],"gridable":true},{"__meta":{"schema_version":3,"schema_name":"ModelParameterSchemaV3","schema_type":"Iced"},"name":"weights_column","label":"weights_column","help":"Column with observation weights. Giving some observation a weight of zero is equivalent to excluding it from the dataset; giving an observation a relative weight of 2 is equivalent to repeating that row twice. Negative weights are not allowed.","required":false,"type":"VecSpecifier","default_value":null,"actual_value":null,"level":"secondary","values":[],"is_member_of_frames":["training_frame","validation_frame"],"is_mutually_exclusive_with":["response_column","ignored_columns","offset_column","fold_column"],"gridable":true},{"__meta":{"schema_version":3,"schema_name":"ModelParameterSchemaV3","schema_type":"Iced"},"name":"balance_classes","label":"balance_classes","help":"Balance training data class counts via over/under-sampling (for imbalanced data).","required":false,"type":"boolean","default_value":false,"actual_value":false,"level":"secondary","values":[],"is_member_of_frames":[],"is_mutually_exclusive_with":[],"gridable":true},{"__meta":{"schema_version":3,"schema_name":"ModelParameterSchemaV3","schema_type":"Iced"},"name":"class_sampling_factors","label":"class_sampling_factors","help":"Desired over/under-sampling ratios per class (in lexicographic order). If not specified, sampling factors will be automatically computed to obtain class balance during training. Requires balance_classes.","required":false,"type":"float[]","default_value":null,"actual_value":null,"level":"expert","values":[],"is_member_of_frames":[],"is_mutually_exclusive_with":[],"gridable":true},{"__meta":{"schema_version":3,"schema_name":"ModelParameterSchemaV3","schema_type":"Iced"},"name":"max_after_balance_size","label":"max_after_balance_size","help":"Maximum relative size of the training data after balancing class counts (can be less than 1.0). Requires balance_classes.","required":false,"type":"float","default_value":5.0,"actual_value":5.0,"level":"expert","values":[],"is_member_of_frames":[],"is_mutually_exclusive_with":[],"gridable":true},{"__meta":{"schema_version":3,"schema_name":"ModelParameterSchemaV3","schema_type":"Iced"},"name":"max_confusion_matrix_size","label":"max_confusion_matrix_size","help":"[Deprecated] Maximum size (# classes) for confusion matrices to be printed in the Logs","required":false,"type":"int","default_value":20,"actual_value":20,"level":"secondary","values":[],"is_member_of_frames":[],"is_mutually_exclusive_with":[],"gridable":false},{"__meta":{"schema_version":3,"schema_name":"ModelParameterSchemaV3","schema_type":"Iced"},"name":"max_hit_ratio_k","label":"max_hit_ratio_k","help":"Max. number (top K) of predictions to use for hit ratio computation (for multi-class only, 0 to disable)","required":false,"type":"int","default_value":0,"actual_value":0,"level":"secondary","values":[],"is_member_of_frames":[],"is_mutually_exclusive_with":[],"gridable":false},{"__meta":{"schema_version":3,"schema_name":"ModelParameterSchemaV3","schema_type":"Iced"},"name":"ntrees","label":"ntrees","help":"Number of trees.","required":false,"type":"int","default_value":50,"actual_value":50,"level":"critical","values":[],"is_member_of_frames":[],"is_mutually_exclusive_with":[],"gridable":true},{"__meta":{"schema_version":3,"schema_name":"ModelParameterSchemaV3","schema_type":"Iced"},"name":"max_depth","label":"max_depth","help":"Maximum tree depth.","required":false,"type":"int","default_value":5,"actual_value":5,"level":"critical","values":[],"is_member_of_frames":[],"is_mutually_exclusive_with":[],"gridable":true},{"__meta":{"schema_version":3,"schema_name":"ModelParameterSchemaV3","schema_type":"Iced"},"name":"min_rows","label":"min_rows","help":"Fewest allowed (weighted) observations in a leaf.","required":false,"type":"double","default_value":10.0,"actual_value":10.0,"level":"critical","values":[],"is_member_of_frames":[],"is_mutually_exclusive_with":[],"gridable":true},{"__meta":{"schema_version":3,"schema_name":"ModelParameterSchemaV3","schema_type":"Iced"},"name":"nbins","label":"nbins","help":"For numerical columns (real/int), build a histogram of (at least) this many bins, then split at the best point","required":false,"type":"int","default_value":20,"actual_value":20,"level":"critical","values":[],"is_member_of_frames":[],"is_mutually_exclusive_with":[],"gridable":true},{"__meta":{"schema_version":3,"schema_name":"ModelParameterSchemaV3","schema_type":"Iced"},"name":"nbins_top_level","label":"nbins_top_level","help":"For numerical columns (real/int), build a histogram of (at most) this many bins at the root level, then decrease by factor of two per level","required":false,"type":"int","default_value":1024,"actual_value":1024,"level":"secondary","values":[],"is_member_of_frames":[],"is_mutually_exclusive_with":[],"gridable":true},{"__meta":{"schema_version":3,"schema_name":"ModelParameterSchemaV3","schema_type":"Iced"},"name":"nbins_cats","label":"nbins_cats","help":"For categorical columns (factors), build a histogram of this many bins, then split at the best point. Higher values can lead to more overfitting.","required":false,"type":"int","default_value":1024,"actual_value":1024,"level":"secondary","values":[],"is_member_of_frames":[],"is_mutually_exclusive_with":[],"gridable":true},{"__meta":{"schema_version":3,"schema_name":"ModelParameterSchemaV3","schema_type":"Iced"},"name":"r2_stopping","label":"r2_stopping","help":"r2_stopping is no longer supported and will be ignored if set - please use stopping_rounds, stopping_metric and stopping_tolerance instead. Previous version of H2O would stop making trees when the R^2 metric equals or exceeds this","required":false,"type":"double","default_value":1.7976931348623157E308,"actual_value":1.7976931348623157E308,"level":"secondary","values":[],"is_member_of_frames":[],"is_mutually_exclusive_with":[],"gridable":true},{"__meta":{"schema_version":3,"schema_name":"ModelParameterSchemaV3","schema_type":"Iced"},"name":"stopping_rounds","label":"stopping_rounds","help":"Early stopping based on convergence of stopping_metric. Stop if simple moving average of length k of the stopping_metric does not improve for k:=stopping_rounds scoring events (0 to disable)","required":false,"type":"int","default_value":0,"actual_value":0,"level":"secondary","values":[],"is_member_of_frames":[],"is_mutually_exclusive_with":[],"gridable":true},{"__meta":{"schema_version":3,"schema_name":"ModelParameterSchemaV3","schema_type":"Iced"},"name":"stopping_metric","label":"stopping_metric","help":"Metric to use for early stopping (AUTO: logloss for classification, deviance for regression)","required":false,"type":"enum","default_value":"AUTO","actual_value":"AUTO","level":"secondary","values":["AUTO","deviance","logloss","MSE","RMSE","MAE","RMSLE","AUC","lift_top_group","misclassification","mean_per_class_error"],"is_member_of_frames":[],"is_mutually_exclusive_with":[],"gridable":true},{"__meta":{"schema_version":3,"schema_name":"ModelParameterSchemaV3","schema_type":"Iced"},"name":"stopping_tolerance","label":"stopping_tolerance","help":"Relative tolerance for metric-based stopping criterion (stop if relative improvement is not at least this much)","required":false,"type":"double","default_value":0.001,"actual_value":0.001,"level":"secondary","values":[],"is_member_of_frames":[],"is_mutually_exclusive_with":[],"gridable":true},{"__meta":{"schema_version":3,"schema_name":"ModelParameterSchemaV3","schema_type":"Iced"},"name":"max_runtime_secs","label":"max_runtime_secs","help":"Maximum allowed runtime in seconds for model training. Use 0 to disable.","required":false,"type":"double","default_value":0.0,"actual_value":0.0,"level":"secondary","values":[],"is_member_of_frames":[],"is_mutually_exclusive_with":[],"gridable":true},{"__meta":{"schema_version":3,"schema_name":"ModelParameterSchemaV3","schema_type":"Iced"},"name":"seed","label":"seed","help":"Seed for pseudo random number generator (if applicable)","required":false,"type":"long","default_value":-1,"actual_value":4403958991313226390,"level":"critical","values":[],"is_member_of_frames":[],"is_mutually_exclusive_with":[],"gridable":true},{"__meta":{"schema_version":3,"schema_name":"ModelParameterSchemaV3","schema_type":"Iced"},"name":"build_tree_one_node","label":"build_tree_one_node","help":"Run on one node only; no network overhead but fewer cpus used.  Suitable for small datasets.","required":false,"type":"boolean","default_value":false,"actual_value":false,"level":"expert","values":[],"is_member_of_frames":[],"is_mutually_exclusive_with":[],"gridable":false},{"__meta":{"schema_version":3,"schema_name":"ModelParameterSchemaV3","schema_type":"Iced"},"name":"learn_rate","label":"learn_rate","help":"Learning rate (from 0.0 to 1.0)","required":false,"type":"double","default_value":0.1,"actual_value":0.1,"level":"critical","values":[],"is_member_of_frames":[],"is_mutually_exclusive_with":[],"gridable":true},{"__meta":{"schema_version":3,"schema_name":"ModelParameterSchemaV3","schema_type":"Iced"},"name":"learn_rate_annealing","label":"learn_rate_annealing","help":"Scale the learning rate by this factor after each tree (e.g., 0.99 or 0.999) ","required":false,"type":"double","default_value":1.0,"actual_value":1.0,"level":"secondary","values":[],"is_member_of_frames":[],"is_mutually_exclusive_with":[],"gridable":true},{"__meta":{"schema_version":3,"schema_name":"ModelParameterSchemaV3","schema_type":"Iced"},"name":"distribution","label":"distribution","help":"Distribution function","required":false,"type":"enum","default_value":"AUTO","actual_value":"bernoulli","level":"secondary","values":["AUTO","bernoulli","multinomial","gaussian","poisson","gamma","tweedie","laplace","quantile","huber"],"is_member_of_frames":[],"is_mutually_exclusive_with":[],"gridable":true},{"__meta":{"schema_version":3,"schema_name":"ModelParameterSchemaV3","schema_type":"Iced"},"name":"quantile_alpha","label":"quantile_alpha","help":"Desired quantile for Quantile regression, must be between 0 and 1.","required":false,"type":"double","default_value":0.5,"actual_value":0.5,"level":"secondary","values":[],"is_member_of_frames":[],"is_mutually_exclusive_with":[],"gridable":true},{"__meta":{"schema_version":3,"schema_name":"ModelParameterSchemaV3","schema_type":"Iced"},"name":"tweedie_power","label":"tweedie_power","help":"Tweedie power for Tweedie regression, must be between 1 and 2.","required":false,"type":"double","default_value":1.5,"actual_value":1.5,"level":"secondary","values":[],"is_member_of_frames":[],"is_mutually_exclusive_with":[],"gridable":true},{"__meta":{"schema_version":3,"schema_name":"ModelParameterSchemaV3","schema_type":"Iced"},"name":"huber_alpha","label":"huber_alpha","help":"Desired quantile for Huber/M-regression (threshold between quadratic and linear loss, must be between 0 and 1).","required":false,"type":"double","default_value":0.9,"actual_value":0.9,"level":"secondary","values":[],"is_member_of_frames":[],"is_mutually_exclusive_with":[],"gridable":true},{"__meta":{"schema_version":3,"schema_name":"ModelParameterSchemaV3","schema_type":"Iced"},"name":"checkpoint","label":"checkpoint","help":"Model checkpoint to resume training with.","required":false,"type":"Key<Model>","default_value":null,"actual_value":null,"level":"secondary","values":[],"is_member_of_frames":[],"is_mutually_exclusive_with":[],"gridable":false},{"__meta":{"schema_version":3,"schema_name":"ModelParameterSchemaV3","schema_type":"Iced"},"name":"sample_rate","label":"sample_rate","help":"Row sample rate per tree (from 0.0 to 1.0)","required":false,"type":"double","default_value":1.0,"actual_value":1.0,"level":"critical","values":[],"is_member_of_frames":[],"is_mutually_exclusive_with":[],"gridable":true},{"__meta":{"schema_version":3,"schema_name":"ModelParameterSchemaV3","schema_type":"Iced"},"name":"sample_rate_per_class","label":"sample_rate_per_class","help":"Row sample rate per tree per class (from 0.0 to 1.0)","required":false,"type":"double[]","default_value":null,"actual_value":null,"level":"expert","values":[],"is_member_of_frames":[],"is_mutually_exclusive_with":[],"gridable":true},{"__meta":{"schema_version":3,"schema_name":"ModelParameterSchemaV3","schema_type":"Iced"},"name":"col_sample_rate","label":"col_sample_rate","help":"Column sample rate (from 0.0 to 1.0)","required":false,"type":"double","default_value":1.0,"actual_value":1.0,"level":"critical","values":[],"is_member_of_frames":[],"is_mutually_exclusive_with":[],"gridable":true},{"__meta":{"schema_version":3,"schema_name":"ModelParameterSchemaV3","schema_type":"Iced"},"name":"col_sample_rate_change_per_level","label":"col_sample_rate_change_per_level","help":"Relative change of the column sampling rate for every level (from 0.0 to 2.0)","required":false,"type":"double","default_value":1.0,"actual_value":1.0,"level":"expert","values":[],"is_member_of_frames":[],"is_mutually_exclusive_with":[],"gridable":true},{"__meta":{"schema_version":3,"schema_name":"ModelParameterSchemaV3","schema_type":"Iced"},"name":"col_sample_rate_per_tree","label":"col_sample_rate_per_tree","help":"Column sample rate per tree (from 0.0 to 1.0)","required":false,"type":"double","default_value":1.0,"actual_value":1.0,"level":"secondary","values":[],"is_member_of_frames":[],"is_mutually_exclusive_with":[],"gridable":true},{"__meta":{"schema_version":3,"schema_name":"ModelParameterSchemaV3","schema_type":"Iced"},"name":"min_split_improvement","label":"min_split_improvement","help":"Minimum relative improvement in squared error reduction for a split to happen","required":false,"type":"double","default_value":1.0E-5,"actual_value":1.0E-5,"level":"secondary","values":[],"is_member_of_frames":[],"is_mutually_exclusive_with":[],"gridable":true},{"__meta":{"schema_version":3,"schema_name":"ModelParameterSchemaV3","schema_type":"Iced"},"name":"histogram_type","label":"histogram_type","help":"What type of histogram to use for finding optimal split points","required":false,"type":"enum","default_value":"AUTO","actual_value":"AUTO","level":"secondary","values":["AUTO","UniformAdaptive","Random","QuantilesGlobal","RoundRobin"],"is_member_of_frames":[],"is_mutually_exclusive_with":[],"gridable":true},{"__meta":{"schema_version":3,"schema_name":"ModelParameterSchemaV3","schema_type":"Iced"},"name":"max_abs_leafnode_pred","label":"max_abs_leafnode_pred","help":"Maximum absolute value of a leaf node prediction","required":false,"type":"double","default_value":1.7976931348623157E308,"actual_value":1.7976931348623157E308,"level":"expert","values":[],"is_member_of_frames":[],"is_mutually_exclusive_with":[],"gridable":true},{"__meta":{"schema_version":3,"schema_name":"ModelParameterSchemaV3","schema_type":"Iced"},"name":"pred_noise_bandwidth","label":"pred_noise_bandwidth","help":"Bandwidth (sigma) of Gaussian multiplicative noise ~N(1,sigma) for tree node predictions","required":false,"type":"double","default_value":0.0,"actual_value":0.0,"level":"expert","values":[],"is_member_of_frames":[],"is_mutually_exclusive_with":[],"gridable":true},{"__meta":{"schema_version":3,"schema_name":"ModelParameterSchemaV3","schema_type":"Iced"},"name":"categorical_encoding","label":"categorical_encoding","help":"Encoding scheme for categorical features","required":false,"type":"enum","default_value":"AUTO","actual_value":"AUTO","level":"secondary","values":["AUTO","Enum","OneHotInternal","OneHotExplicit","Binary","Eigen"],"is_member_of_frames":[],"is_mutually_exclusive_with":[],"gridable":true}],"output":{"__meta":{"schema_version":3,"schema_name":"GBMModelOutputV3","schema_type":"GBMOutput"},"names":["AGE","RACE","DPROS","CAPSULE"],"domains":[null,null,null,["0","1"]],"cross_validation_models":null,"cross_validation_predictions":null,"cross_validation_holdout_predictions_frame_id":null,"cross_validation_fold_assignment_frame_id":null,"model_category":"Binomial","model_summary":{"__meta":{"schema_version":3,"schema_name":"TwoDimTableV3","schema_type":"TwoDimTable"},"name":"Model Summary","description":"","columns":[{"__meta":{"schema_version":-1,"schema_name":"ColumnSpecsBase","schema_type":"Iced"},"name":"","type":"string","format":"%s","description":""},{"__meta":{"schema_version":-1,"schema_name":"ColumnSpecsBase","schema_type":"Iced"},"name":"number_of_trees","type":"long","format":"%d","description":"Number of Trees"},{"__meta":{"schema_version":-1,"schema_name":"ColumnSpecsBase","schema_type":"Iced"},"name":"number_of_internal_trees","type":"long","format":"%d","description":"Number of Internal Trees"},{"__meta":{"schema_version":-1,"schema_name":"ColumnSpecsBase","schema_type":"Iced"},"name":"model_size_in_bytes","type":"long","format":"%d","description":"Model Size in Bytes"},{"__meta":{"schema_version":-1,"schema_name":"ColumnSpecsBase","schema_type":"Iced"},"name":"min_depth","type":"long","format":"%d","description":"Min. Depth"},{"__meta":{"schema_version":-1,"schema_name":"ColumnSpecsBase","schema_type":"Iced"},"name":"max_depth","type":"long","format":"%d","description":"Max. Depth"},{"__meta":{"schema_version":-1,"schema_name":"ColumnSpecsBase","schema_type":"Iced"},"name":"mean_depth","type":"double","format":"%.5f","description":"Mean Depth"},{"__meta":{"schema_version":-1,"schema_name":"ColumnSpecsBase","schema_type":"Iced"},"name":"min_leaves","type":"long","format":"%d","description":"Min. Leaves"},{"__meta":{"schema_version":-1,"schema_name":"ColumnSpecsBase","schema_type":"Iced"},"name":"max_leaves","type":"long","format":"%d","description":"Max. Leaves"},{"__meta":{"schema_version":-1,"schema_name":"ColumnSpecsBase","schema_type":"Iced"},"name":"mean_leaves","type":"double","format":"%.5f","description":"Mean Leaves"}],"rowcount":1,"data":[[""],[50],[50],[13581],[5],[5],[5.0],[8],[21],[15.9]]},"scoring_history":{"__meta":{"schema_version":3,"schema_name":"TwoDimTableV3","schema_type":"TwoDimTable"},"name":"Scoring History","description":"","columns":[{"__meta":{"schema_version":-1,"schema_name":"ColumnSpecsBase","schema_type":"Iced"},"name":"","type":"string","format":"%s","description":""},{"__meta":{"schema_version":-1,"schema_name":"ColumnSpecsBase","schema_type":"Iced"},"name":"timestamp","type":"string","format":"%s","description":"Timestamp"},{"__meta":{"schema_version":-1,"schema_name":"ColumnSpecsBase","schema_type":"Iced"},"name":"duration","type":"string","format":"%s","description":"Duration"},{"__meta":{"schema_version":-1,"schema_name":"ColumnSpecsBase","schema_type":"Iced"},"name":"number_of_trees","type":"long","format":"%d","description":"Number of Trees"},{"__meta":{"schema_version":-1,"schema_name":"ColumnSpecsBase","schema_type":"Iced"},"name":"training_rmse","type":"double","format":"%.5f","description":"Training RMSE"},{"__meta":{"schema_version":-1,"schema_name":"ColumnSpecsBase","schema_type":"Iced"},"name":"training_logloss","type":"double","format":"%.5f","description":"Training LogLoss"},{"__meta":{"schema_version":-1,"schema_name":"ColumnSpecsBase","schema_type":"Iced"},"name":"training_auc","type":"double","format":"%.5f","description":"Training AUC"},{"__meta":{"schema_version":-1,"schema_name":"ColumnSpecsBase","schema_type":"Iced"},"name":"training_lift","type":"double","format":"%.5f","description":"Training Lift"},{"__meta":{"schema_version":-1,"schema_name":"ColumnSpecsBase","schema_type":"Iced"},"name":"training_classification_error","type":"double","format":"%.5f","description":"Training Classification Error"}],"rowcount":51,"data":[["","","","","","","","","","","","","","","","","","","","","","","","","","","","","","","","","","","","","","","","","","","","","","","","","","",""],["2017-03-29 09:50:39","2017-03-29 09:50:39","2017-03-29 09:50:39","2017-03-29 09:50:39","2017-03-29 09:50:39","2017-03-29 09:50:39","2017-03-29 09:50:39","2017-03-29 09:50:39","2017-03-29 09:50:39","2017-03-29 09:50:39","2017-03-29 09:50:39","2017-03-29 09:50:39","2017-03-29 09:50:39","2017-03-29 09:50:39","2017-03-29 09:50:39","2017-03-29 09:50:39","2017-03-29 09:50:39","2017-03-29 09:50:39","2017-03-29 09:50:39","2017-03-29 09:50:39","2017-03-29 09:50:39","2017-03-29 09:50:39","2017-03-29 09:50:39","2017-03-29 09:50:39","2017-03-29 09:50:39","2017-03-29 09:50:39","2017-03-29 09:50:39","2017-03-29 09:50:39","2017-03-29 09:50:39","2017-03-29 09:50:39","2017-03-29 09:50:39","2017-03-29 09:50:39","2017-03-29 09:50:39","2017-03-29 09:50:39","2017-03-29 09:50:39","2017-03-29 09:50:39","2017-03-29 09:50:39","2017-03-29 09:50:39","2017-03-29 09:50:39","2017-03-29 09:50:39","2017-03-29 09:50:39","2017-03-29 09:50:39","2017-03-29 09:50:39","2017-03-29 09:50:39","2017-03-29 09:50:39","2017-03-29 09:50:39","2017-03-29 09:50:39","2017-03-29 09:50:39","2017-03-29 09:50:39","2017-03-29 09:50:39","2017-03-29 09:50:39"],[" 0.000 sec"," 0.005 sec"," 0.007 sec"," 0.011 sec"," 0.014 sec"," 0.021 sec"," 0.026 sec"," 0.036 sec"," 0.041 sec"," 0.045 sec"," 0.048 sec"," 0.051 sec"," 0.055 sec"," 0.058 sec"," 0.063 sec"," 0.068 sec"," 0.074 sec"," 0.080 sec"," 0.086 sec"," 0.090 sec"," 0.097 sec"," 0.106 sec"," 0.112 sec"," 0.123 sec"," 0.130 sec"," 0.140 sec"," 0.148 sec"," 0.154 sec"," 0.162 sec"," 0.168 sec"," 0.174 sec"," 0.179 sec"," 0.185 sec"," 0.191 sec"," 0.197 sec"," 0.202 sec"," 0.208 sec"," 0.215 sec"," 0.221 sec"," 0.228 sec"," 0.235 sec"," 0.241 sec"," 0.247 sec"," 0.254 sec"," 0.260 sec"," 0.267 sec"," 0.279 sec"," 0.292 sec"," 0.299 sec"," 0.308 sec"," 0.316 sec"],[0,1,2,3,4,5,6,7,8,9,10,11,12,13,14,15,16,17,18,19,20,21,22,23,24,25,26,27,28,29,30,31,32,33,34,35,36,37,38,39,40,41,42,43,44,45,46,47,48,49,50],[0.49042776285781164,0.480593421299029,0.4725206425977379,0.46538730686481633,0.46002900884609266,0.45531283100998365,0.4511513355578858,0.447733094717117,0.44507858519332266,0.44263765511172914,0.44075740803942465,0.4390155477770084,0.43743764136809754,0.43616442164571095,0.43501622246985566,0.43381270791711457,0.4328533445192999,0.4320376502123534,0.4313669123868126,0.43074305403999613,0.43032133120644417,0.42987879712574795,0.42937578067063686,0.42904376722655974,0.4287519285832145,0.42803319499760323,0.4274919554150532,0.42683567930353683,0.4263131277857194,0.4258325682540491,0.425417933297745,0.42492166096082673,0.424546208991429,0.4242518075299706,0.4238042550866396,0.4235966636181748,0.42332702522665633,0.42304007299585694,0.42251252733651223,0.4220747848866308,0.4217788346448323,0.4215960159690605,0.4214258029505038,0.4211576165821389,0.42104767306247987,0.42060670026969227,0.42036764358928963,0.42026486036698946,0.4198047831163951,0.41964300615822964,0.4195480290159667],[0.6740642634011699,0.654244659266859,0.6382077349591504,0.6241571892862076,0.6135723373020161,0.6041871215904938,0.5957482325804475,0.5886617473254252,0.5831174212990742,0.5778226932463741,0.5737862954089604,0.5697879136531101,0.5661535962921216,0.5631434533744543,0.5603900856270385,0.5574617378267044,0.5548684440678843,0.552598600289986,0.5508141685876915,0.5490898015054236,0.5477670774200147,0.5464631252543427,0.5451408218554764,0.5441337459140375,0.5432197143358937,0.5415940787851556,0.5401346468833055,0.5386351298457502,0.5374001615241661,0.535972223959091,0.5349579749073095,0.5335240435981268,0.5325953114251817,0.5318339127235727,0.5308611646862113,0.5300434617789774,0.529277295595098,0.5284954495974455,0.5273743585647116,0.5261094268739734,0.5253947090323106,0.5249496677024885,0.5244679687286801,0.5239119775805926,0.5235169503111345,0.5225796354286977,0.5220195275885758,0.5216412231914114,0.5205853598852704,0.5199669616997745,0.5196455571541352],[0.5,0.7594080216521264,0.7594800034551266,0.7693703031873542,0.7749272983789698,0.7750856583455703,0.7774178687627767,0.777504246926377,0.7786415594137802,0.7791598283953816,0.7817223805821888,0.7816935878609887,0.7826437476605913,0.7836802856237943,0.783579511099594,0.7849039762747977,0.7853934525351991,0.7857821542714002,0.7863580086954017,0.7869338631194034,0.7866747286286027,0.7874233393798048,0.7875529066252052,0.7879847974432064,0.7876968702312055,0.7902018369756125,0.7910656186116151,0.7916558693962167,0.7927212000806196,0.7934986035530218,0.7938441162074228,0.7937001526014223,0.7947654832858253,0.7954277158734272,0.7963778756730299,0.7966945956062308,0.7980766462238347,0.7984797443206357,0.7992859405142381,0.7995162822838386,0.800667991131842,0.801071089228643,0.8008695401802425,0.8015893582102445,0.8017045290950447,0.8023091762402466,0.8024819325674469,0.8028850306642481,0.8039503613486512,0.8040655322334513,0.8048573320664536],[1.0,2.235294117647059,2.235294117647059,2.235294117647059,2.235294117647059,2.235294117647059,2.235294117647059,2.235294117647059,2.235294117647059,2.235294117647059,2.235294117647059,2.235294117647059,2.235294117647059,2.235294117647059,2.235294117647059,2.235294117647059,2.235294117647059,2.235294117647059,2.235294117647059,2.235294117647059,2.235294117647059,2.235294117647059,2.235294117647059,2.235294117647059,2.235294117647059,2.4836601307189543,2.4836601307189543,2.4836601307189543,2.4836601307189543,2.4836601307189543,2.4836601307189543,2.4836601307189543,2.4836601307189543,2.4836601307189543,2.4836601307189543,2.4836601307189543,2.4836601307189543,2.4836601307189543,2.4836601307189543,2.4836601307189543,2.4836601307189543,2.4836601307189543,2.4836601307189543,2.4836601307189543,2.4836601307189543,2.4836601307189543,2.4836601307189543,2.4836601307189543,2.4836601307189543,2.4836601307189543,2.4836601307189543],[0.5973684210526315,0.35789473684210527,0.35789473684210527,0.3131578947368421,0.3368421052631579,0.3263157894736842,0.35789473684210527,0.32894736842105265,0.3526315789473684,0.3526315789473684,0.3605263157894737,0.3605263157894737,0.3605263157894737,0.3605263157894737,0.3526315789473684,0.3526315789473684,0.3684210526315789,0.3684210526315789,0.3526315789473684,0.3526315789473684,0.3526315789473684,0.35789473684210527,0.35526315789473684,0.3526315789473684,0.35526315789473684,0.3526315789473684,0.3526315789473684,0.3526315789473684,0.3526315789473684,0.3526315789473684,0.3526315789473684,0.3526315789473684,0.35526315789473684,0.33421052631578946,0.3263157894736842,0.3263157894736842,0.3263157894736842,0.3263157894736842,0.32894736842105265,0.32894736842105265,0.33157894736842103,0.33157894736842103,0.32894736842105265,0.32894736842105265,0.32894736842105265,0.3263157894736842,0.3263157894736842,0.32105263157894737,0.32105263157894737,0.32105263157894737,0.32105263157894737]]},"training_metrics":{"__meta":{"schema_version":3,"schema_name":"ModelMetricsBinomialV3","schema_type":"ModelMetricsBinomial"},"model":{"__meta":{"schema_version":3,"schema_name":"ModelKeyV3","schema_type":"Key<Model>"},"name":"prostategbm2.hex","type":"Key<Model>","URL":"/3/Models/prostategbm2.hex"},"model_checksum":-9179332249377110174,"frame":{"__meta":{"schema_version":3,"schema_name":"FrameKeyV3","schema_type":"Key<Frame>"},"name":"RTMP_sid_86ce_185","type":"Key<Frame>","URL":"/3/Frames/RTMP_sid_86ce_185"},"frame_checksum":-719866822204407492,"description":null,"model_category":"Binomial","scoring_time":1490806239818,"predictions":null,"MSE":0.17602054865118247,"RMSE":0.4195480290159667,"nobs":380,"r2":0.2681648318438643,"logloss":0.5196455571541352,"AUC":0.8048573320664536,"Gini":0.6097146641329072,"mean_per_class_error":0.28470242722639716,"domain":["0","1"],"thresholds_and_metric_scores":{"__meta":{"schema_version":3,"schema_name":"TwoDimTableV3","schema_type":"TwoDimTable"},"name":"Metrics for Thresholds","description":"Binomial metrics as a function of classification thresholds","columns":[{"__meta":{"schema_version":-1,"schema_name":"ColumnSpecsBase","schema_type":"Iced"},"name":"threshold","type":"double","format":"%f","description":"Threshold"},{"__meta":{"schema_version":-1,"schema_name":"ColumnSpecsBase","schema_type":"Iced"},"name":"f1","type":"double","format":"%f","description":"f1"},{"__meta":{"schema_version":-1,"schema_name":"ColumnSpecsBase","schema_type":"Iced"},"name":"f2","type":"double","format":"%f","description":"f2"},{"__meta":{"schema_version":-1,"schema_name":"ColumnSpecsBase","schema_type":"Iced"},"name":"f0point5","type":"double","format":"%f","description":"f0point5"},{"__meta":{"schema_version":-1,"schema_name":"ColumnSpecsBase","schema_type":"Iced"},"name":"accuracy","type":"double","format":"%f","description":"accuracy"},{"__meta":{"schema_version":-1,"schema_name":"ColumnSpecsBase","schema_type":"Iced"},"name":"precision","type":"double","format":"%f","description":"precision"},{"__meta":{"schema_version":-1,"schema_name":"ColumnSpecsBase","schema_type":"Iced"},"name":"recall","type":"double","format":"%f","description":"recall"},{"__meta":{"schema_version":-1,"schema_name":"ColumnSpecsBase","schema_type":"Iced"},"name":"specificity","type":"double","format":"%f","description":"specificity"},{"__meta":{"schema_version":-1,"schema_name":"ColumnSpecsBase","schema_type":"Iced"},"name":"absolute_mcc","type":"double","format":"%f","description":"absolute_mcc"},{"__meta":{"schema_version":-1,"schema_name":"ColumnSpecsBase","schema_type":"Iced"},"name":"min_per_class_accuracy","type":"double","format":"%f","description":"min_per_class_accuracy"},{"__meta":{"schema_version":-1,"schema_name":"ColumnSpecsBase","schema_type":"Iced"},"name":"mean_per_class_accuracy","type":"double","format":"%f","description":"mean_per_class_accuracy"},{"__meta":{"schema_version":-1,"schema_name":"ColumnSpecsBase","schema_type":"Iced"},"name":"tns","type":"long","format":"%d","description":"tns"},{"__meta":{"schema_version":-1,"schema_name":"ColumnSpecsBase","schema_type":"Iced"},"name":"fns","type":"long","format":"%d","description":"fns"},{"__meta":{"schema_version":-1,"schema_name":"ColumnSpecsBase","schema_type":"Iced"},"name":"fps","type":"long","format":"%d","description":"fps"},{"__meta":{"schema_version":-1,"schema_name":"ColumnSpecsBase","schema_type":"Iced"},"name":"tps","type":"long","format":"%d","description":"tps"},{"__meta":{"schema_version":-1,"schema_name":"ColumnSpecsBase","schema_type":"Iced"},"name":"tnr","type":"double","format":"%f","description":"tnr"},{"__meta":{"schema_version":-1,"schema_name":"ColumnSpecsBase","schema_type":"Iced"},"name":"fnr","type":"double","format":"%f","description":"fnr"},{"__meta":{"schema_version":-1,"schema_name":"ColumnSpecsBase","schema_type":"Iced"},"name":"fpr","type":"double","format":"%f","description":"fpr"},{"__meta":{"schema_version":-1,"schema_name":"ColumnSpecsBase","schema_type":"Iced"},"name":"tpr","type":"double","format":"%f","description":"tpr"},{"__meta":{"schema_version":-1,"schema_name":"ColumnSpecsBase","schema_type":"Iced"},"name":"idx","type":"int","format":"%d","description":"idx"}],"rowcount":121,"data":[[0.8461151628805972,0.8451025390847333,0.8183956110651863,0.8173343817290256,0.7977925645191305,0.7937191194141916,0.7925628836652895,0.7615934953605636,0.7569746615228807,0.7555652728345269,0.7285548890096845,0.7183070673573562,0.7164315602061023,0.698454401868098,0.6932750001379758,0.6923692127545387,0.6887447200697095,0.6842134012694537,0.6834310395890324,0.6827950321552013,0.6603829987230027,0.6577406121560266,0.655155765772928,0.6546088970960352,0.6545336815678974,0.6516240418131137,0.6475152224392051,0.6419249077581279,0.6410279708358645,0.6286575566170788,0.6157176713787045,0.6148626648408124,0.6016496519023808,0.5869696752206747,0.5825348991554249,0.5702268987733349,0.5700909953807514,0.5650632341371523,0.5642844956831846,0.5568164431245842,0.5544318942963193,0.5528195399610593,0.5498441850706061,0.5494546512381409,0.5419926533536141,0.5256236513542984,0.5254607050887475,0.5191170153588746,0.5150234232280891,0.5069154030430538,0.5052264836551161,0.4952729500160506,0.48771152142877333,0.4830197469301227,0.4799036428898243,0.47980156086450143,0.4610315454952997,0.46021754949492977,0.41220572317075704,0.40249284439093463,0.4010319436915274,0.39748882542142294,0.388819750994004,0.38658491988449956,0.38275023770670613,0.38022671038638345,0.3657076440910872,0.3639781348042622,0.359489548903484,0.35594401146946636,0.35523459424137904,0.3423600841621697,0.33497123092021164,0.3272975362359711,0.30456097350086486,0.3026201481213912,0.2848809837619812,0.28439140537419944,0.2823618569604619,0.2731888178530265,0.2725850396722546,0.27224492812349854,0.2688537489639292,0.2682866006696147,0.2664406591705447,0.266054299721302,0.2624397691490174,0.2581383359837112,0.25110216549868775,0.25108378376718005,0.24199472506470704,0.23530108302262817,0.2334019098735315,0.22917623610834983,0.2078725081323206,0.20751448359219926,0.20614409279763724,0.1704248774516878,0.15443486979579502,0.14489930009642712,0.1418099942686367,0.12880180981689318,0.11745627170283886,0.11432767238175565,0.10152170459527335,0.08916433303479906,0.08798024298192184,0.08646073522102304,0.08548745218041054,0.08454348485029435,0.08073226608188216,0.08004444075234125,0.06544030103015262,0.04645050061633064,0.04553152623188406,0.042378703447494906,0.03940592626240209,0.03900081555817792,0.03804413096506724,0.03509614437946394,0.03248812850904286],[0.038461538461538464,0.05095541401273886,0.07547169811320754,0.09876543209876543,0.15568862275449105,0.19767441860465115,0.22857142857142856,0.2584269662921348,0.2681564245810056,0.2777777777777778,0.2857142857142857,0.29347826086956524,0.3280423280423281,0.3455497382198954,0.35416666666666663,0.38383838383838376,0.38999999999999996,0.40594059405940597,0.41951219512195115,0.42512077294685985,0.4380952380952381,0.45070422535211263,0.46511627906976744,0.4700460829493088,0.4886877828054299,0.4954954954954955,0.5022421524663677,0.5110132158590308,0.5087719298245614,0.5152838427947598,0.5281385281385281,0.5384615384615384,0.5446808510638298,0.5508474576271186,0.5546218487394957,0.5643153526970954,0.5702479338842975,0.5887096774193549,0.6031746031746031,0.603921568627451,0.6070038910505836,0.6046511627906976,0.6023166023166022,0.6000000000000001,0.6053639846743296,0.606060606060606,0.6148148148148148,0.6125461254612545,0.6102941176470587,0.6181818181818182,0.6187050359712231,0.6197183098591549,0.6223776223776225,0.6232876712328768,0.6329966329966331,0.6308724832214765,0.6428571428571429,0.6540880503144655,0.6646706586826346,0.6646884272997032,0.6686217008797655,0.6705202312138729,0.6685878962536022,0.6723646723646723,0.6759776536312848,0.6740947075208914,0.6777777777777777,0.6829268292682927,0.6863270777479893,0.6843501326259946,0.6825396825396826,0.6858638743455497,0.683937823834197,0.6870229007633588,0.6903553299492386,0.6901763224181361,0.693467336683417,0.6915422885572139,0.6881188118811882,0.687960687960688,0.684596577017115,0.6876513317191283,0.6825775656324583,0.6793349168646081,0.6791569086651054,0.6790697674418604,0.6774941995359628,0.675925925925926,0.6697247706422019,0.6727688787185354,0.6666666666666665,0.6651884700665188,0.663716814159292,0.6593406593406593,0.6578947368421052,0.6593886462882096,0.6537634408602151,0.6523605150214592,0.6509635974304069,0.6455696202531646,0.6401673640167364,0.6348547717842323,0.6296296296296297,0.6283367556468172,0.6270491803278688,0.6257668711656442,0.6244897959183674,0.6181818181818182,0.6169354838709677,0.6144578313253012,0.6132264529058116,0.6095617529880478,0.6059405940594059,0.6047430830039525,0.59765625,0.5884615384615385,0.5873320537428024,0.5862068965517241,0.5817490494296578,0.5795454545454546,0.574108818011257],[0.024390243902439025,0.03246753246753247,0.04854368932038835,0.06441223832528181,0.10383386581469649,0.1347068145800317,0.1577287066246057,0.18053375196232338,0.18808777429467086,0.19561815336463223,0.202808112324493,0.2099533437013997,0.2391975308641975,0.2538461538461539,0.261136712749616,0.289193302891933,0.2959028831562974,0.3101361573373676,0.32379518072289154,0.3303303303303303,0.34379671150971597,0.35714285714285715,0.3709198813056379,0.3772189349112426,0.3970588235294118,0.40381791483113066,0.41055718475073316,0.42274052478134116,0.42212518195050946,0.4287790697674419,0.44202898550724645,0.45454545454545453,0.4610951008645534,0.4676258992805756,0.47345767575322817,0.4857142857142857,0.49215406562054204,0.5162659123055163,0.5344585091420534,0.5392156862745098,0.5446927374301676,0.5439330543933054,0.543175487465181,0.5424200278164116,0.5486111111111112,0.5532503457814661,0.569272976680384,0.5684931506849314,0.5677154582763337,0.5790190735694823,0.5834464043419267,0.5921938088829072,0.5973154362416108,0.6058588548601864,0.6216931216931217,0.6208718626155878,0.6453715775749674,0.6692406692406693,0.6998738965952079,0.7035175879396984,0.7125,0.7204968944099379,0.7196029776674938,0.7283950617283951,0.7405140758873928,0.7396088019559902,0.7448107448107448,0.7608695652173912,0.7692307692307693,0.7715311004784688,0.7706093189964158,0.7788347205707491,0.7810650887573964,0.7922535211267605,0.7971864009378664,0.8002336448598132,0.8051341890315051,0.8072009291521487,0.8053302433371958,0.8083140877598153,0.8064516129032259,0.8142201834862386,0.8143507972665148,0.8125,0.8182844243792323,0.8211473565804274,0.8202247191011235,0.8193041526374859,0.8156424581005586,0.8203125,0.8194905869324473,0.8241758241758241,0.8232711306256859,0.8205689277899342,0.8196721311475409,0.8233369683751363,0.8225108225108224,0.8216216216216217,0.8207343412526997,0.8199356913183281,0.816435432230523,0.8129649309245485,0.8095238095238095,0.8086680761099366,0.8078141499472018,0.8069620253164558,0.8061116965226554,0.8018867924528301,0.8010471204188483,0.7993730407523512,0.7985386221294364,0.7960457856399584,0.7935684647302905,0.7927461139896372,0.787847579814624,0.7814096016343206,0.7806122448979591,0.779816513761468,0.7766497461928933,0.7750759878419454,0.7711693548387096],[0.09090909090909091,0.11834319526627218,0.16949152542372883,0.21164021164021168,0.3110047846889953,0.3711790393013101,0.4149377593360996,0.45454545454545453,0.46692607003891057,0.4789272030651341,0.483271375464684,0.4873646209386282,0.5218855218855218,0.5409836065573771,0.5501618122977346,0.5705705705705705,0.5718475073313783,0.5873925501432664,0.5955678670360111,0.5962059620596205,0.6036745406824147,0.6106870229007634,0.6234413965087281,0.6234718826405868,0.6352941176470589,0.641025641025641,0.6466512702078523,0.645879732739421,0.640176600441501,0.6455142231947483,0.6559139784946237,0.660377358490566,0.6652806652806653,0.6701030927835051,0.6693711967545639,0.6732673267326733,0.6777996070726915,0.6848030018761726,0.692167577413479,0.6862745098039216,0.6854130052724077,0.680628272251309,0.6759098786828421,0.6712564543889845,0.6752136752136753,0.6700167504187603,0.6682769726247987,0.664,0.6597774244833068,0.6630265210608424,0.658499234303216,0.6499261447562776,0.6496350364963505,0.6417489421720735,0.6447187928669411,0.641200545702592,0.6403622250970246,0.6396063960639606,0.6328392246294184,0.6299212598425198,0.6298342541436465,0.6270270270270271,0.6243272335844995,0.6243386243386242,0.6217882836587871,0.6192425793244626,0.6218144750254841,0.6194690265486725,0.6195546950629236,0.6148713060057196,0.6125356125356126,0.6127221702525725,0.6082949308755761,0.6064690026954178,0.6087735004476277,0.6067316209034543,0.6090026478375992,0.6048738033072236,0.6006914433880726,0.5988023952095809,0.5947323704333052,0.595138306789606,0.5875102711585868,0.5836734693877552,0.5804643714971977,0.5789056304520223,0.5770750988142291,0.5752561071710007,0.5680933852140078,0.5702094647013188,0.5618830675778282,0.5576208178438662,0.5559673832468495,0.5510653930933137,0.5494505494505495,0.549890750182083,0.5424696645253391,0.5409252669039146,0.5393896380411639,0.5323590814196243,0.5264969029593943,0.5207624234172906,0.5151515151515151,0.5137676292813969,0.5123911587407904,0.5110220440881763,0.5096602265156562,0.5029585798816568,0.5016393442622952,0.4990215264187867,0.4977228366948601,0.4938670109748225,0.490070467648943,0.4888178913738019,0.4814348646947766,0.4719309068476249,0.4707692307692307,0.46961325966850825,0.46504559270516715,0.4627949183303085,0.45726240286909736],[0.6052631578947368,0.6078947368421053,0.6131578947368421,0.6157894736842106,0.6289473684210526,0.6368421052631579,0.6447368421052632,0.6526315789473685,0.6552631578947369,0.6578947368421053,0.6578947368421053,0.6578947368421053,0.6657894736842105,0.6710526315789473,0.6736842105263158,0.6789473684210526,0.6789473684210526,0.6842105263157895,0.6868421052631579,0.6868421052631579,0.6894736842105263,0.6921052631578948,0.6973684210526315,0.6973684210526315,0.7026315789473684,0.7052631578947368,0.7078947368421052,0.7078947368421052,0.7052631578947368,0.7078947368421052,0.7131578947368421,0.7157894736842105,0.718421052631579,0.7210526315789474,0.7210526315789474,0.7236842105263158,0.7263157894736842,0.7315789473684211,0.7368421052631579,0.7342105263157894,0.7342105263157894,0.7315789473684211,0.7289473684210527,0.7263157894736842,0.7289473684210527,0.7263157894736842,0.7263157894736842,0.7236842105263158,0.7210526315789474,0.7236842105263158,0.7210526315789474,0.7157894736842105,0.7157894736842105,0.7105263157894737,0.7131578947368421,0.7105263157894737,0.7105263157894737,0.7105263157894737,0.7052631578947368,0.7026315789473684,0.7026315789473684,0.7,0.6973684210526315,0.6973684210526315,0.6947368421052632,0.6921052631578948,0.6947368421052632,0.6921052631578948,0.6921052631578948,0.6868421052631579,0.6842105263157895,0.6842105263157895,0.6789473684210526,0.6763157894736842,0.6789473684210526,0.6763157894736842,0.6789473684210526,0.6736842105263158,0.6684210526315789,0.6657894736842105,0.6605263157894737,0.6605263157894737,0.65,0.6447368421052632,0.6394736842105263,0.6368421052631579,0.6342105263157894,0.631578947368421,0.6210526315789474,0.6236842105263158,0.6105263157894737,0.6026315789473684,0.6,0.5921052631578947,0.5894736842105263,0.5894736842105263,0.5763157894736842,0.5736842105263158,0.5710526315789474,0.5578947368421052,0.5473684210526316,0.5368421052631579,0.5263157894736842,0.5236842105263158,0.5210526315789473,0.5184210526315789,0.5157894736842106,0.5026315789473684,0.5,0.49473684210526314,0.4921052631578947,0.4842105263157895,0.4763157894736842,0.47368421052631576,0.45789473684210524,0.4368421052631579,0.4342105263157895,0.43157894736842106,0.42105263157894735,0.41578947368421054,0.4026315789473684],[1.0,1.0,1.0,0.8888888888888888,0.9285714285714286,0.8947368421052632,0.9090909090909091,0.92,0.9230769230769231,0.9259259259259259,0.896551724137931,0.8709677419354839,0.8611111111111112,0.868421052631579,0.8717948717948718,0.8444444444444444,0.8297872340425532,0.8367346938775511,0.8269230769230769,0.8148148148148148,0.8070175438596491,0.8,0.8064516129032258,0.796875,0.7941176470588235,0.7971014492753623,0.8,0.7837837837837838,0.7733333333333333,0.7763157894736842,0.782051282051282,0.7777777777777778,0.7804878048780488,0.7831325301204819,0.7764705882352941,0.7727272727272727,0.7752808988764045,0.7684210526315789,0.7676767676767676,0.7549019607843137,0.75,0.7428571428571429,0.7358490566037735,0.7289719626168224,0.7314814814814815,0.7207207207207207,0.7094017094017094,0.7033898305084746,0.6974789915966386,0.6967213114754098,0.688,0.6717557251908397,0.6691729323308271,0.6546762589928058,0.6527777777777778,0.6482758620689655,0.6387096774193548,0.6303030303030303,0.6132596685082873,0.6086956521739131,0.6063829787234043,0.6010362694300518,0.5979381443298969,0.5959595959595959,0.5902439024390244,0.587378640776699,0.5893719806763285,0.5833333333333334,0.5818181818181818,0.5758928571428571,0.5733333333333334,0.5720524017467249,0.5665236051502146,0.5625,0.5643153526970954,0.5614754098360656,0.563265306122449,0.5582329317269076,0.5537848605577689,0.5511811023622047,0.546875,0.5461538461538461,0.5375939849624061,0.5335820895522388,0.5291970802919708,0.5270758122743683,0.5251798561151079,0.5232974910394266,0.5159010600706714,0.5176056338028169,0.5085910652920962,0.5033557046979866,0.5016722408026756,0.4966887417218543,0.49504950495049505,0.49508196721311476,0.48717948717948717,0.48562300319488816,0.4840764331210191,0.4766355140186916,0.4707692307692308,0.46504559270516715,0.4594594594594595,0.45808383233532934,0.45671641791044776,0.45535714285714285,0.4540059347181009,0.4473684210526316,0.446064139941691,0.4434782608695652,0.4421965317919075,0.4383954154727794,0.4346590909090909,0.43342776203966005,0.42618384401114207,0.41689373297002724,0.4157608695652174,0.4146341463414634,0.4101876675603217,0.408,0.4026315789473684],[0.0196078431372549,0.026143790849673203,0.0392156862745098,0.05228758169934641,0.08496732026143791,0.1111111111111111,0.13071895424836602,0.1503267973856209,0.1568627450980392,0.16339869281045752,0.16993464052287582,0.17647058823529413,0.20261437908496732,0.21568627450980393,0.2222222222222222,0.24836601307189543,0.2549019607843137,0.2679738562091503,0.28104575163398693,0.2875816993464052,0.3006535947712418,0.3137254901960784,0.32679738562091504,0.3333333333333333,0.35294117647058826,0.35947712418300654,0.3660130718954248,0.3790849673202614,0.3790849673202614,0.38562091503267976,0.39869281045751637,0.4117647058823529,0.41830065359477125,0.42483660130718953,0.43137254901960786,0.4444444444444444,0.45098039215686275,0.477124183006536,0.49673202614379086,0.5032679738562091,0.5098039215686274,0.5098039215686274,0.5098039215686274,0.5098039215686274,0.5163398692810458,0.5228758169934641,0.5424836601307189,0.5424836601307189,0.5424836601307189,0.5555555555555556,0.5620915032679739,0.5751633986928104,0.5816993464052288,0.5947712418300654,0.6143790849673203,0.6143790849673203,0.6470588235294118,0.6797385620915033,0.7254901960784313,0.7320261437908496,0.7450980392156863,0.7581699346405228,0.7581699346405228,0.7712418300653595,0.7908496732026143,0.7908496732026143,0.7973856209150327,0.8235294117647058,0.8366013071895425,0.8431372549019608,0.8431372549019608,0.8562091503267973,0.8627450980392157,0.8823529411764706,0.8888888888888888,0.8954248366013072,0.9019607843137255,0.9084967320261438,0.9084967320261438,0.9150326797385621,0.9150326797385621,0.9281045751633987,0.934640522875817,0.934640522875817,0.9477124183006536,0.954248366013072,0.954248366013072,0.954248366013072,0.954248366013072,0.9607843137254902,0.9673202614379085,0.9803921568627451,0.9803921568627451,0.9803921568627451,0.9803921568627451,0.9869281045751634,0.9934640522875817,0.9934640522875817,0.9934640522875817,1.0,1.0,1.0,1.0,1.0,1.0,1.0,1.0,1.0,1.0,1.0,1.0,1.0,1.0,1.0,1.0,1.0,1.0,1.0,1.0,1.0,1.0],[1.0,1.0,1.0,0.9955947136563876,0.9955947136563876,0.9911894273127754,0.9911894273127754,0.9911894273127754,0.9911894273127754,0.9911894273127754,0.986784140969163,0.9823788546255506,0.9779735682819384,0.9779735682819384,0.9779735682819384,0.9691629955947136,0.9647577092511013,0.9647577092511013,0.960352422907489,0.9559471365638766,0.9515418502202643,0.947136563876652,0.947136563876652,0.9427312775330396,0.9383259911894273,0.9383259911894273,0.9383259911894273,0.9295154185022027,0.9251101321585903,0.9251101321585903,0.9251101321585903,0.920704845814978,0.920704845814978,0.920704845814978,0.9162995594713657,0.9118942731277533,0.9118942731277533,0.9030837004405287,0.8986784140969163,0.8898678414096917,0.8854625550660793,0.8810572687224669,0.8766519823788547,0.8722466960352423,0.8722466960352423,0.8634361233480177,0.8502202643171806,0.8458149779735683,0.8414096916299559,0.8370044052863436,0.8281938325991189,0.8105726872246696,0.8061674008810573,0.788546255506608,0.7797356828193832,0.775330396475771,0.7533039647577092,0.7312775330396476,0.6916299559471366,0.6828193832599119,0.6740088105726872,0.6607929515418502,0.6563876651982379,0.6475770925110133,0.6299559471365639,0.6255506607929515,0.6255506607929515,0.6035242290748899,0.5947136563876652,0.5814977973568282,0.5770925110132159,0.5682819383259912,0.5550660792951542,0.5374449339207048,0.5374449339207048,0.5286343612334802,0.5286343612334802,0.5154185022026432,0.5066079295154186,0.4977973568281938,0.4889867841409692,0.4801762114537445,0.4581497797356828,0.44933920704845814,0.43171806167400884,0.42290748898678415,0.4185022026431718,0.41409691629955947,0.3964757709251101,0.3964757709251101,0.3700440528634361,0.34801762114537443,0.3436123348017621,0.3303964757709251,0.32599118942731276,0.32158590308370044,0.29515418502202645,0.2907488986784141,0.28634361233480177,0.2599118942731278,0.2422907488986784,0.22466960352422907,0.20704845814977973,0.2026431718061674,0.19823788546255505,0.19383259911894274,0.1894273127753304,0.16740088105726872,0.16299559471365638,0.15418502202643172,0.14977973568281938,0.13656387665198239,0.12334801762114538,0.11894273127753303,0.09251101321585903,0.05726872246696035,0.05286343612334802,0.048458149779735685,0.030837004405286344,0.022026431718061675,0.0],[0.10865686373879636,0.12563287154206007,0.15427907888841255,0.1544277684302591,0.20974156568475652,0.23020044671016365,0.25599964080177723,0.2799501453388165,0.2875975111049924,0.2950974965445478,0.28948571186014127,0.2846104090989832,0.302424474027372,0.3165872115191652,0.3235222038598932,0.33017726386073687,0.32721855703996516,0.3405664778585851,0.344472083598565,0.34206083919072033,0.3463834977209207,0.3508479467883055,0.36357590877903967,0.36177275157613786,0.372664842764195,0.3788638260638119,0.3850228251541956,0.382189310097887,0.3748265158487954,0.3809778308111988,0.39317750492132203,0.3981368886435009,0.40415720851146786,0.4101488714444001,0.4091739951734002,0.4142751611153149,0.42021717078171955,0.43062132100286504,0.44181048552080604,0.43508966837266666,0.4347878664651241,0.42866714433270797,0.4226008599206151,0.4165875990154748,0.422522748123784,0.41663825765618273,0.4172084349755072,0.4115597189946467,0.4059527621480447,0.4123584299061365,0.40739508126742563,0.3980279703153162,0.3988107855846634,0.39030253012010274,0.39842272821531327,0.39344287402807276,0.3995353778686832,0.40668323622930613,0.4095943812958203,0.40710656758245917,0.41110604606937234,0.41099329702669496,0.4067112524355997,0.41116548418294074,0.41404183132121003,0.4098844842537706,0.41650993255560154,0.42285578182337386,0.42843193723219053,0.42333889959469256,0.41936129737457256,0.4254230400515258,0.42072863392899196,0.426804747196733,0.43410272391559834,0.43383118203595344,0.4412430185404486,0.4374237371764127,0.4299169208135889,0.4300587627775556,0.4226005975284771,0.43076488151708975,0.4203646206958221,0.41303849963553574,0.4149183528560472,0.4161223105258995,0.41252899126648185,0.4089318783343366,0.39449837106786545,0.40322583902493087,0.39067560025782816,0.3915251503551726,0.38799986212049153,0.3773748877930597,0.3738153426682067,0.3801482363767007,0.3692756409517883,0.36575724524910275,0.36222753371367233,0.35197050917149875,0.33773218603137556,0.3232361504129141,0.30843212002548037,0.30467615715305935,0.30089615641047956,0.2970909936827027,0.29325948270721264,0.27366013199114275,0.2696414095984361,0.2614913104109151,0.2573559396082619,0.24468137943746193,0.23154769963151345,0.22705303747914454,0.19856157540093292,0.15451527915282545,0.14825163800393065,0.1417476757030163,0.11246759049411421,0.09479865052293289,0.0],[0.0196078431372549,0.026143790849673203,0.0392156862745098,0.05228758169934641,0.08496732026143791,0.1111111111111111,0.13071895424836602,0.1503267973856209,0.1568627450980392,0.16339869281045752,0.16993464052287582,0.17647058823529413,0.20261437908496732,0.21568627450980393,0.2222222222222222,0.24836601307189543,0.2549019607843137,0.2679738562091503,0.28104575163398693,0.2875816993464052,0.3006535947712418,0.3137254901960784,0.32679738562091504,0.3333333333333333,0.35294117647058826,0.35947712418300654,0.3660130718954248,0.3790849673202614,0.3790849673202614,0.38562091503267976,0.39869281045751637,0.4117647058823529,0.41830065359477125,0.42483660130718953,0.43137254901960786,0.4444444444444444,0.45098039215686275,0.477124183006536,0.49673202614379086,0.5032679738562091,0.5098039215686274,0.5098039215686274,0.5098039215686274,0.5098039215686274,0.5163398692810458,0.5228758169934641,0.5424836601307189,0.5424836601307189,0.5424836601307189,0.5555555555555556,0.5620915032679739,0.5751633986928104,0.5816993464052288,0.5947712418300654,0.6143790849673203,0.6143790849673203,0.6470588235294118,0.6797385620915033,0.6916299559471366,0.6828193832599119,0.6740088105726872,0.6607929515418502,0.6563876651982379,0.6475770925110133,0.6299559471365639,0.6255506607929515,0.6255506607929515,0.6035242290748899,0.5947136563876652,0.5814977973568282,0.5770925110132159,0.5682819383259912,0.5550660792951542,0.5374449339207048,0.5374449339207048,0.5286343612334802,0.5286343612334802,0.5154185022026432,0.5066079295154186,0.4977973568281938,0.4889867841409692,0.4801762114537445,0.4581497797356828,0.44933920704845814,0.43171806167400884,0.42290748898678415,0.4185022026431718,0.41409691629955947,0.3964757709251101,0.3964757709251101,0.3700440528634361,0.34801762114537443,0.3436123348017621,0.3303964757709251,0.32599118942731276,0.32158590308370044,0.29515418502202645,0.2907488986784141,0.28634361233480177,0.2599118942731278,0.2422907488986784,0.22466960352422907,0.20704845814977973,0.2026431718061674,0.19823788546255505,0.19383259911894274,0.1894273127753304,0.16740088105726872,0.16299559471365638,0.15418502202643172,0.14977973568281938,0.13656387665198239,0.12334801762114538,0.11894273127753303,0.09251101321585903,0.05726872246696035,0.05286343612334802,0.048458149779735685,0.030837004405286344,0.022026431718061675,0.0],[0.5098039215686274,0.5130718954248366,0.5196078431372549,0.523941147677867,0.5402810169589127,0.5511502692119432,0.5609541907805707,0.5707581123491982,0.5740260862054073,0.5772940600616164,0.5783593907460194,0.5794247214304223,0.5902939736834528,0.5968299213958712,0.6000978952520803,0.6087645043333045,0.6098298350177075,0.6163657827301258,0.620699087270738,0.6217644179551409,0.626097722495753,0.6304310270363652,0.6369669747487835,0.6380323054331865,0.6456335838300078,0.6489015576862169,0.6521695315424261,0.654300192911232,0.6520975497394259,0.655365523595635,0.6619014713080533,0.6662347758486655,0.6695027497048747,0.6727707235610838,0.6738360542454868,0.6781693587860989,0.681437332642308,0.6901039417235323,0.6977052201203535,0.6965679076329504,0.6976332383173534,0.6954305951455472,0.693227951973741,0.6910253088019349,0.694293282658144,0.6931559701707408,0.6963519622239498,0.6941493190521436,0.6919466758803374,0.6962799804209496,0.6951426679335464,0.6928680429587399,0.693933373643143,0.6916587486683367,0.6970573838933518,0.6948547407215456,0.7001813941435605,0.7055080475655755,0.7085600760127839,0.7074227635253807,0.7095534248941868,0.7094814430911865,0.7072787999193804,0.7094094612881864,0.7104028101695892,0.7082001669977829,0.7114681408539921,0.7135268204197979,0.7156574817886039,0.7123175261293945,0.7101148829575883,0.7122455443263942,0.7089055886671849,0.7098989375485877,0.7131669114047968,0.7120295989173937,0.7152975727736028,0.7119576171143935,0.7075523307707812,0.7064150182833779,0.7020097319397656,0.7041403933085716,0.6963951513057499,0.6919898649621375,0.6897152399873312,0.6885779274999281,0.6863752843281219,0.6841726411563157,0.6753620684690911,0.6786300423253002,0.6686821571506723,0.6642048890040597,0.6620022458322536,0.6553943163168351,0.6531916731450289,0.654257003829432,0.6443091186548041,0.6421064754829979,0.6399038323111917,0.6299559471365639,0.6211453744493391,0.6123348017621145,0.6035242290748899,0.6013215859030837,0.5991189427312775,0.5969162995594713,0.5947136563876652,0.5837004405286343,0.5814977973568282,0.5770925110132159,0.5748898678414097,0.5682819383259912,0.5616740088105727,0.5594713656387665,0.5462555066079295,0.5286343612334802,0.526431718061674,0.5242290748898678,0.5154185022026432,0.5110132158590308,0.5],[227,227,227,226,226,225,225,225,225,225,224,223,222,222,222,220,219,219,218,217,216,215,215,214,213,213,213,211,210,210,210,209,209,209,208,207,207,205,204,202,201,200,199,198,198,196,193,192,191,190,188,184,183,179,177,176,171,166,157,155,153,150,149,147,143,142,142,137,135,132,131,129,126,122,122,120,120,117,115,113,111,109,104,102,98,96,95,94,90,90,84,79,78,75,74,73,67,66,65,59,55,51,47,46,45,44,43,38,37,35,34,31,28,27,21,13,12,11,7,5,0],[150,149,147,145,140,136,133,130,129,128,127,126,122,120,119,115,114,112,110,109,107,105,103,102,99,98,97,95,95,94,92,90,89,88,87,85,84,80,77,76,75,75,75,75,74,73,70,70,70,68,67,65,64,62,59,59,54,49,42,41,39,37,37,35,32,32,31,27,25,24,24,22,21,18,17,16,15,14,14,13,13,11,10,10,8,7,7,7,7,6,5,3,3,3,3,2,1,1,1,0,0,0,0,0,0,0,0,0,0,0,0,0,0,0,0,0,0,0,0,0,0],[0,0,0,1,1,2,2,2,2,2,3,4,5,5,5,7,8,8,9,10,11,12,12,13,14,14,14,16,17,17,17,18,18,18,19,20,20,22,23,25,26,27,28,29,29,31,34,35,36,37,39,43,44,48,50,51,56,61,70,72,74,77,78,80,84,85,85,90,92,95,96,98,101,105,105,107,107,110,112,114,116,118,123,125,129,131,132,133,137,137,143,148,149,152,153,154,160,161,162,168,172,176,180,181,182,183,184,189,190,192,193,196,199,200,206,214,215,216,220,222,227],[3,4,6,8,13,17,20,23,24,25,26,27,31,33,34,38,39,41,43,44,46,48,50,51,54,55,56,58,58,59,61,63,64,65,66,68,69,73,76,77,78,78,78,78,79,80,83,83,83,85,86,88,89,91,94,94,99,104,111,112,114,116,116,118,121,121,122,126,128,129,129,131,132,135,136,137,138,139,139,140,140,142,143,143,145,146,146,146,146,147,148,150,150,150,150,151,152,152,152,153,153,153,153,153,153,153,153,153,153,153,153,153,153,153,153,153,153,153,153,153,153],[1.0,1.0,1.0,0.9955947136563876,0.9955947136563876,0.9911894273127754,0.9911894273127754,0.9911894273127754,0.9911894273127754,0.9911894273127754,0.986784140969163,0.9823788546255506,0.9779735682819384,0.9779735682819384,0.9779735682819384,0.9691629955947136,0.9647577092511013,0.9647577092511013,0.960352422907489,0.9559471365638766,0.9515418502202643,0.947136563876652,0.947136563876652,0.9427312775330396,0.9383259911894273,0.9383259911894273,0.9383259911894273,0.9295154185022027,0.9251101321585903,0.9251101321585903,0.9251101321585903,0.920704845814978,0.920704845814978,0.920704845814978,0.9162995594713657,0.9118942731277533,0.9118942731277533,0.9030837004405287,0.8986784140969163,0.8898678414096917,0.8854625550660793,0.8810572687224669,0.8766519823788547,0.8722466960352423,0.8722466960352423,0.8634361233480177,0.8502202643171806,0.8458149779735683,0.8414096916299559,0.8370044052863436,0.8281938325991189,0.8105726872246696,0.8061674008810573,0.788546255506608,0.7797356828193832,0.775330396475771,0.7533039647577092,0.7312775330396476,0.6916299559471366,0.6828193832599119,0.6740088105726872,0.6607929515418502,0.6563876651982379,0.6475770925110133,0.6299559471365639,0.6255506607929515,0.6255506607929515,0.6035242290748899,0.5947136563876652,0.5814977973568282,0.5770925110132159,0.5682819383259912,0.5550660792951542,0.5374449339207048,0.5374449339207048,0.5286343612334802,0.5286343612334802,0.5154185022026432,0.5066079295154186,0.4977973568281938,0.4889867841409692,0.4801762114537445,0.4581497797356828,0.44933920704845814,0.43171806167400884,0.42290748898678415,0.4185022026431718,0.41409691629955947,0.3964757709251101,0.3964757709251101,0.3700440528634361,0.34801762114537443,0.3436123348017621,0.3303964757709251,0.32599118942731276,0.32158590308370044,0.29515418502202645,0.2907488986784141,0.28634361233480177,0.2599118942731278,0.2422907488986784,0.22466960352422907,0.20704845814977973,0.2026431718061674,0.19823788546255505,0.19383259911894274,0.1894273127753304,0.16740088105726872,0.16299559471365638,0.15418502202643172,0.14977973568281938,0.13656387665198239,0.12334801762114538,0.11894273127753303,0.09251101321585903,0.05726872246696035,0.05286343612334802,0.048458149779735685,0.030837004405286344,0.022026431718061675,0.0],[0.9803921568627451,0.9738562091503268,0.9607843137254902,0.9477124183006536,0.9150326797385621,0.8888888888888888,0.869281045751634,0.8496732026143791,0.8431372549019608,0.8366013071895425,0.8300653594771242,0.8235294117647058,0.7973856209150327,0.7843137254901961,0.7777777777777778,0.7516339869281046,0.7450980392156863,0.7320261437908496,0.7189542483660131,0.7124183006535948,0.6993464052287581,0.6862745098039216,0.673202614379085,0.6666666666666666,0.6470588235294118,0.6405228758169934,0.6339869281045751,0.6209150326797386,0.6209150326797386,0.6143790849673203,0.6013071895424836,0.5882352941176471,0.5816993464052288,0.5751633986928104,0.5686274509803921,0.5555555555555556,0.5490196078431373,0.5228758169934641,0.5032679738562091,0.49673202614379086,0.49019607843137253,0.49019607843137253,0.49019607843137253,0.49019607843137253,0.48366013071895425,0.477124183006536,0.45751633986928103,0.45751633986928103,0.45751633986928103,0.4444444444444444,0.43790849673202614,0.42483660130718953,0.41830065359477125,0.40522875816993464,0.38562091503267976,0.38562091503267976,0.35294117647058826,0.3202614379084967,0.27450980392156865,0.2679738562091503,0.2549019607843137,0.24183006535947713,0.24183006535947713,0.22875816993464052,0.20915032679738563,0.20915032679738563,0.20261437908496732,0.17647058823529413,0.16339869281045752,0.1568627450980392,0.1568627450980392,0.1437908496732026,0.13725490196078433,0.11764705882352941,0.1111111111111111,0.10457516339869281,0.09803921568627451,0.0915032679738562,0.0915032679738562,0.08496732026143791,0.08496732026143791,0.0718954248366013,0.06535947712418301,0.06535947712418301,0.05228758169934641,0.0457516339869281,0.0457516339869281,0.0457516339869281,0.0457516339869281,0.0392156862745098,0.032679738562091505,0.0196078431372549,0.0196078431372549,0.0196078431372549,0.0196078431372549,0.013071895424836602,0.006535947712418301,0.006535947712418301,0.006535947712418301,0.0,0.0,0.0,0.0,0.0,0.0,0.0,0.0,0.0,0.0,0.0,0.0,0.0,0.0,0.0,0.0,0.0,0.0,0.0,0.0,0.0,0.0],[0.0,0.0,0.0,0.004405286343612335,0.004405286343612335,0.00881057268722467,0.00881057268722467,0.00881057268722467,0.00881057268722467,0.00881057268722467,0.013215859030837005,0.01762114537444934,0.022026431718061675,0.022026431718061675,0.022026431718061675,0.030837004405286344,0.03524229074889868,0.03524229074889868,0.039647577092511016,0.04405286343612335,0.048458149779735685,0.05286343612334802,0.05286343612334802,0.05726872246696035,0.06167400881057269,0.06167400881057269,0.06167400881057269,0.07048458149779736,0.07488986784140969,0.07488986784140969,0.07488986784140969,0.07929515418502203,0.07929515418502203,0.07929515418502203,0.08370044052863436,0.0881057268722467,0.0881057268722467,0.09691629955947137,0.1013215859030837,0.11013215859030837,0.1145374449339207,0.11894273127753303,0.12334801762114538,0.1277533039647577,0.1277533039647577,0.13656387665198239,0.14977973568281938,0.15418502202643172,0.15859030837004406,0.16299559471365638,0.17180616740088106,0.1894273127753304,0.19383259911894274,0.21145374449339208,0.22026431718061673,0.22466960352422907,0.24669603524229075,0.2687224669603524,0.30837004405286345,0.31718061674008813,0.32599118942731276,0.3392070484581498,0.3436123348017621,0.3524229074889868,0.3700440528634361,0.3744493392070485,0.3744493392070485,0.3964757709251101,0.4052863436123348,0.4185022026431718,0.42290748898678415,0.43171806167400884,0.44493392070484583,0.46255506607929514,0.46255506607929514,0.4713656387665198,0.4713656387665198,0.4845814977973568,0.4933920704845815,0.5022026431718062,0.5110132158590308,0.5198237885462555,0.5418502202643172,0.5506607929515418,0.5682819383259912,0.5770925110132159,0.5814977973568282,0.5859030837004405,0.6035242290748899,0.6035242290748899,0.6299559471365639,0.6519823788546255,0.6563876651982379,0.6696035242290749,0.6740088105726872,0.6784140969162996,0.7048458149779736,0.7092511013215859,0.7136563876651982,0.7400881057268722,0.7577092511013216,0.775330396475771,0.7929515418502202,0.7973568281938326,0.801762114537445,0.8061674008810573,0.8105726872246696,0.8325991189427313,0.8370044052863436,0.8458149779735683,0.8502202643171806,0.8634361233480177,0.8766519823788547,0.8810572687224669,0.9074889867841409,0.9427312775330396,0.947136563876652,0.9515418502202643,0.9691629955947136,0.9779735682819384,1.0],[0.0196078431372549,0.026143790849673203,0.0392156862745098,0.05228758169934641,0.08496732026143791,0.1111111111111111,0.13071895424836602,0.1503267973856209,0.1568627450980392,0.16339869281045752,0.16993464052287582,0.17647058823529413,0.20261437908496732,0.21568627450980393,0.2222222222222222,0.24836601307189543,0.2549019607843137,0.2679738562091503,0.28104575163398693,0.2875816993464052,0.3006535947712418,0.3137254901960784,0.32679738562091504,0.3333333333333333,0.35294117647058826,0.35947712418300654,0.3660130718954248,0.3790849673202614,0.3790849673202614,0.38562091503267976,0.39869281045751637,0.4117647058823529,0.41830065359477125,0.42483660130718953,0.43137254901960786,0.4444444444444444,0.45098039215686275,0.477124183006536,0.49673202614379086,0.5032679738562091,0.5098039215686274,0.5098039215686274,0.5098039215686274,0.5098039215686274,0.5163398692810458,0.5228758169934641,0.5424836601307189,0.5424836601307189,0.5424836601307189,0.5555555555555556,0.5620915032679739,0.5751633986928104,0.5816993464052288,0.5947712418300654,0.6143790849673203,0.6143790849673203,0.6470588235294118,0.6797385620915033,0.7254901960784313,0.7320261437908496,0.7450980392156863,0.7581699346405228,0.7581699346405228,0.7712418300653595,0.7908496732026143,0.7908496732026143,0.7973856209150327,0.8235294117647058,0.8366013071895425,0.8431372549019608,0.8431372549019608,0.8562091503267973,0.8627450980392157,0.8823529411764706,0.8888888888888888,0.8954248366013072,0.9019607843137255,0.9084967320261438,0.9084967320261438,0.9150326797385621,0.9150326797385621,0.9281045751633987,0.934640522875817,0.934640522875817,0.9477124183006536,0.954248366013072,0.954248366013072,0.954248366013072,0.954248366013072,0.9607843137254902,0.9673202614379085,0.9803921568627451,0.9803921568627451,0.9803921568627451,0.9803921568627451,0.9869281045751634,0.9934640522875817,0.9934640522875817,0.9934640522875817,1.0,1.0,1.0,1.0,1.0,1.0,1.0,1.0,1.0,1.0,1.0,1.0,1.0,1.0,1.0,1.0,1.0,1.0,1.0,1.0,1.0,1.0],[0,1,2,3,4,5,6,7,8,9,10,11,12,13,14,15,16,17,18,19,20,21,22,23,24,25,26,27,28,29,30,31,32,33,34,35,36,37,38,39,40,41,42,43,44,45,46,47,48,49,50,51,52,53,54,55,56,57,58,59,60,61,62,63,64,65,66,67,68,69,70,71,72,73,74,75,76,77,78,79,80,81,82,83,84,85,86,87,88,89,90,91,92,93,94,95,96,97,98,99,100,101,102,103,104,105,106,107,108,109,110,111,112,113,114,115,116,117,118,119,120]]},"max_criteria_and_metric_scores":{"__meta":{"schema_version":3,"schema_name":"TwoDimTableV3","schema_type":"TwoDimTable"},"name":"Maximum Metrics","description":"Maximum metrics at their respective thresholds","columns":[{"__meta":{"schema_version":-1,"schema_name":"ColumnSpecsBase","schema_type":"Iced"},"name":"metric","type":"string","format":"%s","description":"Metric"},{"__meta":{"schema_version":-1,"schema_name":"ColumnSpecsBase","schema_type":"Iced"},"name":"threshold","type":"double","format":"%f","description":"Threshold"},{"__meta":{"schema_version":-1,"schema_name":"ColumnSpecsBase","schema_type":"Iced"},"name":"value","type":"double","format":"%f","description":"Value"},{"__meta":{"schema_version":-1,"schema_name":"ColumnSpecsBase","schema_type":"Iced"},"name":"idx","type":"long","format":"%d","description":"idx"}],"rowcount":10,"data":[["max f1","max f2","max f0point5","max accuracy","max precision","max recall","max specificity","max absolute_mcc","max min_per_class_accuracy","max mean_per_class_accuracy"],[0.2848809837619812,0.23530108302262817,0.5642844956831846,0.5642844956831846,0.8461151628805972,0.14489930009642712,0.8461151628805972,0.5642844956831846,0.41220572317075704,0.359489548903484],[0.693467336683417,0.8241758241758241,0.692167577413479,0.7368421052631579,1.0,1.0,1.0,0.44181048552080604,0.6916299559471366,0.7156574817886039],[76,91,38,38,0,99,0,38,58,68]]},"gains_lift_table":{"__meta":{"schema_version":3,"schema_name":"TwoDimTableV3","schema_type":"TwoDimTable"},"name":"Gains/Lift Table","description":"Avg response rate: 40.26 %","columns":[{"__meta":{"schema_version":-1,"schema_name":"ColumnSpecsBase","schema_type":"Iced"},"name":"","type":"string","format":"%s","description":""},{"__meta":{"schema_version":-1,"schema_name":"ColumnSpecsBase","schema_type":"Iced"},"name":"group","type":"int","format":"%d","description":"Group"},{"__meta":{"schema_version":-1,"schema_name":"ColumnSpecsBase","schema_type":"Iced"},"name":"cumulative_data_fraction","type":"double","format":"%.8f","description":"Cumulative Data Fraction"},{"__meta":{"schema_version":-1,"schema_name":"ColumnSpecsBase","schema_type":"Iced"},"name":"lower_threshold","type":"double","format":"%5f","description":"Lower Threshold"},{"__meta":{"schema_version":-1,"schema_name":"ColumnSpecsBase","schema_type":"Iced"},"name":"lift","type":"double","format":"%5f","description":"Lift"},{"__meta":{"schema_version":-1,"schema_name":"ColumnSpecsBase","schema_type":"Iced"},"name":"cumulative_lift","type":"double","format":"%5f","description":"Cumulative Lift"},{"__meta":{"schema_version":-1,"schema_name":"ColumnSpecsBase","schema_type":"Iced"},"name":"response_rate","type":"double","format":"%5f","description":"Response Rate"},{"__meta":{"schema_version":-1,"schema_name":"ColumnSpecsBase","schema_type":"Iced"},"name":"cumulative_response_rate","type":"double","format":"%5f","description":"Cumulative Response Rate"},{"__meta":{"schema_version":-1,"schema_name":"ColumnSpecsBase","schema_type":"Iced"},"name":"capture_rate","type":"double","format":"%5f","description":"Capture Rate"},{"__meta":{"schema_version":-1,"schema_name":"ColumnSpecsBase","schema_type":"Iced"},"name":"cumulative_capture_rate","type":"double","format":"%5f","description":"Cumulative Capture Rate"},{"__meta":{"schema_version":-1,"schema_name":"ColumnSpecsBase","schema_type":"Iced"},"name":"gain","type":"double","format":"%5f","description":"Gain"},{"__meta":{"schema_version":-1,"schema_name":"ColumnSpecsBase","schema_type":"Iced"},"name":"cumulative_gain","type":"double","format":"%5f","description":"Cumulative Gain"}],"rowcount":16,"data":[["","","","","","","","","","","","","","","",""],[1,2,3,4,5,6,7,8,9,10,11,12,13,14,15,16],[0.010526315789473684,0.02368421052631579,0.03684210526315789,0.05,0.05,0.1,0.15,0.2,0.3078947368421053,0.40789473684210525,0.5078947368421053,0.6026315789473684,0.7,0.8026315789473685,0.9,1.0],[0.8240040444544465,0.8173343963086847,0.797792541961314,0.7937190802988988,0.7926206901456907,0.6937929497542858,0.6581369997345006,0.6183056430472718,0.5254607161875382,0.46103154118062645,0.3974888215346882,0.34236010939912137,0.26868360493088894,0.20751452635858622,0.08636339240708941,0.0324881222035947],[2.4836601307189543,1.9869281045751637,2.4836601307189543,1.9869281045751637,0.0,2.0915032679738563,1.6993464052287583,1.6993464052287583,1.4538498326159732,1.0457516339869282,1.1111111111111112,1.0348583877995643,0.805511393746688,0.5094687447628624,0.13425189895778133,0.0],[2.4836601307189543,2.2076978939724037,2.3062558356676006,2.2222222222222223,2.2222222222222223,2.1568627450980395,2.0043572984749454,1.9281045751633987,1.7619127423048995,1.586337760910816,1.4927698194994752,1.4207837429003625,1.335200746965453,1.2296153434051218,1.1111111111111112,1.0],[1.0,0.8,1.0,0.8,0.0,0.8421052631578947,0.6842105263157895,0.6842105263157895,0.5853658536585366,0.42105263157894735,0.4473684210526316,0.4166666666666667,0.32432432432432434,0.20512820512820512,0.05405405405405406,0.0],[1.0,0.8888888888888888,0.9285714285714286,0.8947368421052632,0.8947368421052632,0.868421052631579,0.8070175438596491,0.7763157894736842,0.7094017094017094,0.6387096774193548,0.6010362694300518,0.5720524017467249,0.5375939849624061,0.49508196721311476,0.4473684210526316,0.4026315789473684],[0.026143790849673203,0.026143790849673203,0.032679738562091505,0.026143790849673203,0.0,0.10457516339869281,0.08496732026143791,0.08496732026143791,0.1568627450980392,0.10457516339869281,0.1111111111111111,0.09803921568627451,0.0784313725490196,0.05228758169934641,0.013071895424836602,0.0],[0.026143790849673203,0.05228758169934641,0.08496732026143791,0.1111111111111111,0.1111111111111111,0.21568627450980393,0.3006535947712418,0.38562091503267976,0.5424836601307189,0.6470588235294118,0.7581699346405228,0.8562091503267973,0.934640522875817,0.9869281045751634,1.0,1.0],[148.36601307189542,98.69281045751637,148.36601307189542,98.69281045751637,-100.0,109.15032679738563,69.93464052287584,69.93464052287584,45.38498326159732,4.575163398692816,11.111111111111116,3.4858387799564294,-19.4488606253312,-49.05312552371376,-86.57481010422187,-100.0],[148.36601307189542,120.76978939724037,130.62558356676007,122.22222222222223,122.22222222222223,115.68627450980395,100.43572984749454,92.81045751633987,76.19127423048995,58.6337760910816,49.27698194994752,42.078374290036244,33.5200746965453,22.96153434051218,11.111111111111116,0.0]]}},"validation_metrics":null,"cross_validation_metrics":null,"cross_validation_metrics_summary":null,"status":null,"start_time":1490806239495,"end_time":1490806239820,"run_time":325,"help":{"validation_metrics":"Validation data model metrics", "cross_validation_metrics_summary":"Cross-validation model metrics summary", "run_time":"Runtime in milliseconds", "status":"Job status", "domains":"Domains for categorical columns", "model_category":"Category of the model (e.g., Binomial)", "__meta":"Metadata on this schema instance, to make it self-describing.", "variable_importances":"Variable Importances", "model_summary":"Model summary", "scoring_history":"Scoring history", "help":"Help information for output fields", "end_time":"End time in milliseconds", "names":"Column names", "cross_validation_fold_assignment_frame_id":"Cross-validation fold assignment (each row is assigned to one holdout fold)", "start_time":"Start time in milliseconds", "training_metrics":"Training data model metrics", "cross_validation_models":"Cross-validation models (model ids)", "cross_validation_metrics":"Cross-validation model metrics", "cross_validation_predictions":"Cross-validation predictions, one per cv model (deprecated, use cross_validation_holdout_predictions_frame_id instead)", "init_f":"The Intercept term, the initial model function value to which trees make adjustments", "cross_validation_holdout_predictions_frame_id":"Cross-validation holdout predictions (full out-of-sample predictions on training data)"},"variable_importances":{"__meta":{"schema_version":3,"schema_name":"TwoDimTableV3","schema_type":"TwoDimTable"},"name":"Variable Importances","description":"","columns":[{"__meta":{"schema_version":-1,"schema_name":"ColumnSpecsBase","schema_type":"Iced"},"name":"variable","type":"string","format":"%s","description":"Variable"},{"__meta":{"schema_version":-1,"schema_name":"ColumnSpecsBase","schema_type":"Iced"},"name":"relative_importance","type":"double","format":"%5f","description":"Relative Importance"},{"__meta":{"schema_version":-1,"schema_name":"ColumnSpecsBase","schema_type":"Iced"},"name":"scaled_importance","type":"double","format":"%5f","description":"Scaled Importance"},{"__meta":{"schema_version":-1,"schema_name":"ColumnSpecsBase","schema_type":"Iced"},"name":"percentage","type":"double","format":"%5f","description":"Percentage"}],"rowcount":3,"data":[["AGE","DPROS","RACE"],[71.38143920898438,56.26668167114258,4.048417091369629],[1.0,0.7882536734291652,0.05671526290632815],[0.5420145457766979,0.4272449567605226,0.030740497462779456]]},"init_f":-0.3945120960889672},"compatible_frames":null}
